Sample,Location,Analyte,Element,Wavelength,ICPsignal,ICPsignal_error,NOMINAL_CONCENTRATIONS
Blank,1,Al 308.215,Al,308.215,2484.89,11.5,0.00
Blank,1,Al 396.152,Al,396.152,862.22,49.76,0.00
Blank,1,Be 313.042,Be,313.042,1169.5,24.43,0.00
Blank,1,Be 313.107,Be,313.107,-3.23,21.84,0.00
Blank,1,Ca 315.887,Ca,315.887,112.72,10.7,0.00
Blank,1,Ca 317.933,Ca,317.933,919.54,11.24,0.00
Blank,1,Fe 238.204,Fe,238.204,65.82,6.47,0.00
Blank,1,Fe 239.563,Fe,239.563,12.35,5.15,0.00
Blank,1,K 404.721,K,404.721,40.86,16.99,0.00
Blank,1,K 766.491,K,766.491,321.92,27.98,0.00
Blank,1,Ti 334.941,Ti,334.941,518.26,8.92,0.00
Blank,1,Ti 336.122,Ti,336.122,351.79,16.9,0.00
Blank,1,Ti 336.122,Ti,336.122,351.79,16.9,0.00
Standard 1,2,Al 308.215,Al,308.215,12983.54,114.67,0.98
Standard 1,2,Al 396.152,Al,396.152,57549.21,707.19,0.98
Standard 1,2,Be 313.042,Be,313.042,2744526.01,26899.07,0.98
Standard 1,2,Be 313.107,Be,313.107,1349739.08,11671.27,0.98
Standard 1,2,Ca 315.887,Ca,315.887,9422.15,27.34,0.98
Standard 1,2,Ca 317.933,Ca,317.933,34166.09,63.31,0.98
Standard 1,2,Fe 238.204,Fe,238.204,46748.63,166.58,0.98
Standard 1,2,Fe 239.563,Fe,239.563,5715.46,33.76,0.98
Standard 1,2,K 404.721,K,404.721,36.99,5.25,0.99
Standard 1,2,K 766.491,K,766.491,NaN,NaN,0.99
Standard 1,2,Ti 334.941,Ti,334.941,313187.72,423.58,0.99
Standard 1,2,Ti 336.122,Ti,336.122,158196.49,335.97,0.99
Standard 1,2,Ti 336.122,Ti,336.122,158196.49,335.97,0.99
Standard 2,3,Al 308.215,Al,308.215,55725.98,325.51,4.96
Standard 2,3,Al 396.152,Al,396.152,290387.24,2239.85,4.96
Standard 2,3,Be 313.042,Be,313.042,13080113.02,48715.05,4.95
Standard 2,3,Be 313.107,Be,313.107,6607266.04,31069.59,4.95
Standard 2,3,Ca 315.887,Ca,315.887,46778.92,168.23,4.92
Standard 2,3,Ca 317.933,Ca,317.933,163841.76,688.85,4.92
Standard 2,3,Fe 238.204,Fe,238.204,226818.09,430.45,4.92
Standard 2,3,Fe 239.563,Fe,239.563,27622.23,95.12,4.92
Standard 2,3,K 404.721,K,404.721,66.42,21.97,4.98
Standard 2,3,K 766.491,K,766.491,410168.24,3167.78,4.98
Standard 2,3,Ti 334.941,Ti,334.941,1531264.38,9419.64,4.98
Standard 2,3,Ti 336.122,Ti,336.122,773900.4,4729.87,4.98
Standard 2,3,Ti 336.122,Ti,336.122,773900.4,4729.87,4.98
Standard 3,4,Al 308.215,Al,308.215,103066.4,908.16,9.39
Standard 3,4,Al 396.152,Al,396.152,545954.5,4211.21,9.39
Standard 3,4,Be 313.042,Be,313.042,23076777.42,351319.32,9.37
Standard 3,4,Be 313.107,Be,313.107,11907592.02,177097.72,9.37
Standard 3,4,Ca 315.887,Ca,315.887,86511.66,272.98,9.31
Standard 3,4,Ca 317.933,Ca,317.933,304091.95,1011.38,9.31
Standard 3,4,Fe 238.204,Fe,238.204,417809.2,1017.67,9.31
Standard 3,4,Fe 239.563,Fe,239.563,50986.74,143.45,9.31
Standard 3,4,K 404.721,K,404.721,198.05,20.31,9.42
Standard 3,4,K 766.491,K,766.491,844833.47,9693.68,9.42
Standard 3,4,Ti 334.941,Ti,334.941,2845247.7,23559.78,9.42
Standard 3,4,Ti 336.122,Ti,336.122,1437520.11,10228.96,9.42
Standard 3,4,Ti 336.122,Ti,336.122,1437520.11,10228.96,9.42
Standard 4,5,Al 308.215,Al,308.215,214769.89,2359.85,19.92
Standard 4,5,Al 396.152,Al,396.152,1172364.05,21543.08,19.92
Standard 4,5,Be 313.042,Be,313.042,NaN,NaN,19.87
Standard 4,5,Be 313.107,Be,313.107,NaN,NaN,19.87
Standard 4,5,Ca 315.887,Ca,315.887,176649.87,195.26,19.76
Standard 4,5,Ca 317.933,Ca,317.933,614501.05,2578.91,19.76
Standard 4,5,Fe 238.204,Fe,238.204,832621.35,5116.29,19.75
Standard 4,5,Fe 239.563,Fe,239.563,102658.2,239.89,19.75
Standard 4,5,K 404.721,K,404.721,481.3,48.02,19.98
Standard 4,5,K 766.491,K,766.491,1952104.83,15109.84,19.98
Standard 4,5,Ti 334.941,Ti,334.941,5726585.87,71410.66,19.99
Standard 4,5,Ti 336.122,Ti,336.122,2926151.05,20249.13,19.99
Standard 4,5,Ti 336.122,Ti,336.122,2926151.05,20249.13,19.99
SR1,6,Al 308.215,Al,308.215,69857.51,393.87,
SR1,6,Al 396.152,Al,396.152,367258.64,3423.53,
SR1,6,Be 313.042,Be,313.042,2684593.98,20469.85,
SR1,6,Be 313.107,Be,313.107,1317349.8,11097.53,
SR1,6,Ca 315.887,Ca,315.887,7341.38,37.03,
SR1,6,Ca 317.933,Ca,317.933,27273.22,152.99,
SR1,6,Fe 238.204,Fe,238.204,2721.41,18.38,
SR1,6,Fe 239.563,Fe,239.563,336.85,9.51,
SR1,6,K 404.721,K,404.721,30.92,15.77,
SR1,6,K 766.491,K,766.491,6932.43,41.98,
SR1,6,Ti 334.941,Ti,334.941,195962.64,107.94,
SR1,6,Ti 336.122,Ti,336.122,98534.94,143.7,
SR1,6,Ti 336.122,Ti,336.122,98534.94,143.7,
SR2,7,Al 308.215,Al,308.215,61623.65,348.42,
SR2,7,Al 396.152,Al,396.152,321293.88,2511.07,
SR2,7,Be 313.042,Be,313.042,3071128.4,74832.54,
SR2,7,Be 313.107,Be,313.107,1508233.15,37418.5,
SR2,7,Ca 315.887,Ca,315.887,3664.34,25.15,
SR2,7,Ca 317.933,Ca,317.933,14178.71,36.72,
SR2,7,Fe 238.204,Fe,238.204,3682.54,35.38,
SR2,7,Fe 239.563,Fe,239.563,453.32,2.38,
SR2,7,K 404.721,K,404.721,9.12,7.5,
SR2,7,K 766.491,K,766.491,12827.46,28.2,
SR2,7,Ti 334.941,Ti,334.941,211826.24,802.38,
SR2,7,Ti 336.122,Ti,336.122,106371.56,331.59,
SR2,7,Ti 336.122,Ti,336.122,106371.56,331.59,
SR3,8,Al 308.215,Al,308.215,341327.93,4558.9,
SR3,8,Al 396.152,Al,396.152,1836859.33,30748.47,
SR3,8,Be 313.042,Be,313.042,3046593.78,54063.82,
SR3,8,Be 313.107,Be,313.107,1497022.8,24841.08,
SR3,8,Ca 315.887,Ca,315.887,7124.77,18.92,
SR3,8,Ca 317.933,Ca,317.933,26142.14,103.95,
SR3,8,Fe 238.204,Fe,238.204,3530.04,26.48,
SR3,8,Fe 239.563,Fe,239.563,431.72,2.65,
SR3,8,K 404.721,K,404.721,38.77,1.67,
SR3,8,K 766.491,K,766.491,81871.21,756.58,
SR3,8,Ti 334.941,Ti,334.941,9147.51,77.53,
SR3,8,Ti 336.122,Ti,336.122,4692.48,18.67,
SR3,8,Ti 336.122,Ti,336.122,4692.48,18.67,
SR4,9,Al 308.215,Al,308.215,95461.93,721.94,
SR4,9,Al 396.152,Al,396.152,505570.8,4368.46,
SR4,9,Be 313.042,Be,313.042,3022952.27,9387.68,
SR4,9,Be 313.107,Be,313.107,1484554.44,4739.51,
SR4,9,Ca 315.887,Ca,315.887,11171.99,54.31,
SR4,9,Ca 317.933,Ca,317.933,40573.91,231,
SR4,9,Fe 238.204,Fe,238.204,10599.23,58.5,
SR4,9,Fe 239.563,Fe,239.563,1285.85,4.34,
SR4,9,K 404.721,K,404.721,39.81,23.02,
SR4,9,K 766.491,K,766.491,23702.69,97.62,
SR4,9,Ti 334.941,Ti,334.941,29153.92,74.25,
SR4,9,Ti 336.122,Ti,336.122,14740.96,67.2,
SR4,9,Ti 336.122,Ti,336.122,14740.96,67.2,
SR5,10,Al 308.215,Al,308.215,155310.03,1170.46,
SR5,10,Al 396.152,Al,396.152,837286.41,11967.7,
SR5,10,Be 313.042,Be,313.042,2928645.7,32587.7,
SR5,10,Be 313.107,Be,313.107,1438213.11,17838.01,
SR5,10,Ca 315.887,Ca,315.887,21560.12,24.92,
SR5,10,Ca 317.933,Ca,317.933,77112.74,182.51,
SR5,10,Fe 238.204,Fe,238.204,31589.36,92.42,
SR5,10,Fe 239.563,Fe,239.563,3820.49,24.79,
SR5,10,K 404.721,K,404.721,45.28,20.17,
SR5,10,K 766.491,K,766.491,123812.21,491.9,
SR5,10,Ti 334.941,Ti,334.941,27352.6,42.24,
SR5,10,Ti 336.122,Ti,336.122,13765.72,4.81,
SR5,10,Ti 336.122,Ti,336.122,13765.72,4.81,
SR6,11,Al 308.215,Al,308.215,302135.01,1273.77,
SR6,11,Al 396.152,Al,396.152,1636098.06,1053.35,
SR6,11,Be 313.042,Be,313.042,2875413.38,35130.35,
SR6,11,Be 313.107,Be,313.107,1412760.91,16842.86,
SR6,11,Ca 315.887,Ca,315.887,15330.24,42.22,
SR6,11,Ca 317.933,Ca,317.933,54997.99,220.42,
SR6,11,Fe 238.204,Fe,238.204,3016.02,9.54,
SR6,11,Fe 239.563,Fe,239.563,368.32,5.6,
SR6,11,K 404.721,K,404.721,105.76,11.23,
SR6,11,K 766.491,K,766.491,373721.47,1939.36,
SR6,11,Ti 334.941,Ti,334.941,3228.97,24.58,
SR6,11,Ti 336.122,Ti,336.122,1710.13,11.83,
SR6,11,Ti 336.122,Ti,336.122,1710.13,11.83,
SR8,12,Al 308.215,Al,308.215,148312.92,536.6,
SR8,12,Al 396.152,Al,396.152,793719.27,3133.87,
SR8,12,Be 313.042,Be,313.042,2729164.3,17638.11,
SR8,12,Be 313.107,Be,313.107,1337658.16,9183.04,
SR8,12,Ca 315.887,Ca,315.887,12924.21,33.39,
SR8,12,Ca 317.933,Ca,317.933,46674.27,156.46,
SR8,12,Fe 238.204,Fe,238.204,17961.2,79.21,
SR8,12,Fe 239.563,Fe,239.563,2157.79,2.56,
SR8,12,K 404.721,K,404.721,39.74,22.62,
SR8,12,K 766.491,K,766.491,116687.74,149,
SR8,12,Ti 334.941,Ti,334.941,96549.66,418.65,
SR8,12,Ti 336.122,Ti,336.122,48810.93,128.67,
SR8,12,Ti 336.122,Ti,336.122,48810.93,128.67,
SR9,13,Al 308.215,Al,308.215,75193.74,387.91,
SR9,13,Al 396.152,Al,396.152,398239.76,2136.49,
SR9,13,Be 313.042,Be,313.042,2920104.28,34363.48,
SR9,13,Be 313.107,Be,313.107,1429739.64,16610.13,
SR9,13,Ca 315.887,Ca,315.887,11599.59,19.67,
SR9,13,Ca 317.933,Ca,317.933,42238.39,146.61,
SR9,13,Fe 238.204,Fe,238.204,17145.43,108.22,
SR9,13,Fe 239.563,Fe,239.563,2052.91,6.76,
SR9,13,K 404.721,K,404.721,39.16,11.25,
SR9,13,K 766.491,K,766.491,28901.35,205.65,
SR9,13,Ti 334.941,Ti,334.941,556645.54,2055.7,
SR9,13,Ti 336.122,Ti,336.122,281556.62,1524.33,
SR9,13,Ti 336.122,Ti,336.122,281556.62,1524.33,
SR10,14,Al 308.215,Al,308.215,71605.05,684.7,
SR10,14,Al 396.152,Al,396.152,377244.08,2599.74,
SR10,14,Be 313.042,Be,313.042,3139108.22,2024.81,
SR10,14,Be 313.107,Be,313.107,1536494.57,1707.91,
SR10,14,Ca 315.887,Ca,315.887,9070.08,51.82,
SR10,14,Ca 317.933,Ca,317.933,33254.25,78.31,
SR10,14,Fe 238.204,Fe,238.204,19481.82,102.3,
SR10,14,Fe 239.563,Fe,239.563,2341.81,2.87,
SR10,14,K 404.721,K,404.721,20.21,11.14,
SR10,14,K 766.491,K,766.491,24256.84,169.88,
SR10,14,Ti 334.941,Ti,334.941,437645.31,1808.96,
SR10,14,Ti 336.122,Ti,336.122,218479.69,895.92,
SR10,14,Ti 336.122,Ti,336.122,218479.69,895.92,
CB130917,15,Al 308.215,Al,308.215,70882.6,565.67,
CB130917,15,Al 396.152,Al,396.152,371226.62,3595.3,
CB130917,15,Be 313.042,Be,313.042,3039690.25,35161.78,
CB130917,15,Be 313.107,Be,313.107,1493301.77,16985.04,
CB130917,15,Ca 315.887,Ca,315.887,253.4,15.02,
CB130917,15,Ca 317.933,Ca,317.933,1633.32,4.79,
CB130917,15,Fe 238.204,Fe,238.204,943.65,13.52,
CB130917,15,Fe 239.563,Fe,239.563,122.09,7.58,
CB130917,15,K 404.721,K,404.721,17.2,4.88,
CB130917,15,K 766.491,K,766.491,446.98,37.47,
CB130917,15,Ti 334.941,Ti,334.941,537.62,21.18,
CB130917,15,Ti 336.122,Ti,336.122,342.74,2.99,
CB130917,15,Ti 336.122,Ti,336.122,342.74,2.99,
CB220917,16,Al 308.215,Al,308.215,128407.72,1109.7,
CB220917,16,Al 396.152,Al,396.152,696679.91,10043.05,
CB220917,16,Be 313.042,Be,313.042,28087455.48,85778.38,
CB220917,16,Be 313.107,Be,313.107,14615203.63,46413.71,
CB220917,16,Ca 315.887,Ca,315.887,105452.15,337.12,
CB220917,16,Ca 317.933,Ca,317.933,371628.2,1295.25,
CB220917,16,Fe 238.204,Fe,238.204,523216.3,204.12,
CB220917,16,Fe 239.563,Fe,239.563,62994.89,117.49,
CB220917,16,K 404.721,K,404.721,261.34,17.77,
CB220917,16,K 766.491,K,766.491,1092476.87,13420.87,
CB220917,16,Ti 334.941,Ti,334.941,3577821.74,15832.56,
CB220917,16,Ti 336.122,Ti,336.122,1797073.21,8197.77,
CB220917,16,Ti 336.122,Ti,336.122,1797073.21,8197.77,
BRGR1501 #1+2,17,Al 308.215,Al,308.215,27874.5,202.49,
BRGR1501 #1+2,17,Al 396.152,Al,396.152,136996.88,956.73,
BRGR1501 #1+2,17,Be 313.042,Be,313.042,-2446.91,34.2,
BRGR1501 #1+2,17,Be 313.107,Be,313.107,53.94,38.16,
BRGR1501 #1+2,17,Ca 315.887,Ca,315.887,2125.45,13.87,
BRGR1501 #1+2,17,Ca 317.933,Ca,317.933,8757.08,34.61,
BRGR1501 #1+2,17,Fe 238.204,Fe,238.204,9114.9,65.01,
BRGR1501 #1+2,17,Fe 239.563,Fe,239.563,1096.07,9.4,
BRGR1501 #1+2,17,K 404.721,K,404.721,31.13,3.04,
BRGR1501 #1+2,17,K 766.491,K,766.491,17779.12,122.19,
BRGR1501 #1+2,17,Ti 334.941,Ti,334.941,236082.64,749.44,
BRGR1501 #1+2,17,Ti 336.122,Ti,336.122,118148.49,423.71,
BRGR1501 #1+2,17,Ti 336.122,Ti,336.122,118148.49,423.71,
BRGR1503 #1,18,Al 308.215,Al,308.215,9160.79,54.99,
BRGR1503 #1,18,Al 396.152,Al,396.152,37924.38,346.09,
BRGR1503 #1,18,Be 313.042,Be,313.042,-2070.59,6.86,
BRGR1503 #1,18,Be 313.107,Be,313.107,28.8,14.4,
BRGR1503 #1,18,Ca 315.887,Ca,315.887,28348.92,43.64,
BRGR1503 #1,18,Ca 317.933,Ca,317.933,100178.39,262.58,
BRGR1503 #1,18,Fe 238.204,Fe,238.204,15327.42,13.89,
BRGR1503 #1,18,Fe 239.563,Fe,239.563,1852.55,7.21,
BRGR1503 #1,18,K 404.721,K,404.721,20.81,9.2,
BRGR1503 #1,18,K 766.491,K,766.491,13973.45,59.72,
BRGR1503 #1,18,Ti 334.941,Ti,334.941,197131.59,301.23,
BRGR1503 #1,18,Ti 336.122,Ti,336.122,98763.26,216.35,
BRGR1503 #1,18,Ti 336.122,Ti,336.122,98763.26,216.35,
BRGR1503 #2,19,Al 308.215,Al,308.215,9355.33,81.2,
BRGR1503 #2,19,Al 396.152,Al,396.152,38678.46,457.65,
BRGR1503 #2,19,Be 313.042,Be,313.042,-2069.78,13.42,
BRGR1503 #2,19,Be 313.107,Be,313.107,30.4,14.12,
BRGR1503 #2,19,Ca 315.887,Ca,315.887,30542.98,67.61,
BRGR1503 #2,19,Ca 317.933,Ca,317.933,107705,229.48,
BRGR1503 #2,19,Fe 238.204,Fe,238.204,15837.81,32.12,
BRGR1503 #2,19,Fe 239.563,Fe,239.563,1905.43,12.79,
BRGR1503 #2,19,K 404.721,K,404.721,28.58,8.8,
BRGR1503 #2,19,K 766.491,K,766.491,11849.48,104.69,
BRGR1503 #2,19,Ti 334.941,Ti,334.941,208160.68,569.46,
BRGR1503 #2,19,Ti 336.122,Ti,336.122,104240.18,302.45,
BRGR1503 #2,19,Ti 336.122,Ti,336.122,104240.18,302.45,
BRGR1505 #1,20,Al 308.215,Al,308.215,7973.94,64.44,
BRGR1505 #1,20,Al 396.152,Al,396.152,30779.14,487.92,
BRGR1505 #1,20,Be 313.042,Be,313.042,-2084.49,17.95,
BRGR1505 #1,20,Be 313.107,Be,313.107,13.69,0.22,
BRGR1505 #1,20,Ca 315.887,Ca,315.887,9208.72,44.85,
BRGR1505 #1,20,Ca 317.933,Ca,317.933,33863.13,69.6,
BRGR1505 #1,20,Fe 238.204,Fe,238.204,5376.24,22.46,
BRGR1505 #1,20,Fe 239.563,Fe,239.563,648.97,8.14,
BRGR1505 #1,20,K 404.721,K,404.721,51.83,9.35,
BRGR1505 #1,20,K 766.491,K,766.491,7016.65,8.6,
BRGR1505 #1,20,Ti 334.941,Ti,334.941,195677.92,284.13,
BRGR1505 #1,20,Ti 336.122,Ti,336.122,98046.11,203.12,
BRGR1505 #1,20,Ti 336.122,Ti,336.122,98046.11,203.12,
BRGR1507 #1,21,Al 308.215,Al,308.215,8457.94,42.93,
BRGR1507 #1,21,Al 396.152,Al,396.152,33803.28,347.26,
BRGR1507 #1,21,Be 313.042,Be,313.042,489.1,29.57,
BRGR1507 #1,21,Be 313.107,Be,313.107,25.67,9.65,
BRGR1507 #1,21,Ca 315.887,Ca,315.887,2041.79,16.09,
BRGR1507 #1,21,Ca 317.933,Ca,317.933,8554.93,42.99,
BRGR1507 #1,21,Fe 238.204,Fe,238.204,1067.78,18.62,
BRGR1507 #1,21,Fe 239.563,Fe,239.563,135.37,1.64,
BRGR1507 #1,21,K 404.721,K,404.721,22.45,12.73,
BRGR1507 #1,21,K 766.491,K,766.491,4948.96,27.99,
BRGR1507 #1,21,Ti 334.941,Ti,334.941,68530.35,251.99,
BRGR1507 #1,21,Ti 336.122,Ti,336.122,34378.68,121.85,
BRGR1507 #1,21,Ti 336.122,Ti,336.122,34378.68,121.85,
WIDL1610 #1,22,Al 308.215,Al,308.215,13617.45,39.68,
WIDL1610 #1,22,Al 396.152,Al,396.152,61135.48,142.3,
WIDL1610 #1,22,Be 313.042,Be,313.042,-158.63,23.78,
WIDL1610 #1,22,Be 313.107,Be,313.107,36.08,8.93,
WIDL1610 #1,22,Ca 315.887,Ca,315.887,2207.68,26.43,
WIDL1610 #1,22,Ca 317.933,Ca,317.933,9101.11,14.67,
WIDL1610 #1,22,Fe 238.204,Fe,238.204,1550.54,11.37,
WIDL1610 #1,22,Fe 239.563,Fe,239.563,196.65,7.82,
WIDL1610 #1,22,K 404.721,K,404.721,28.13,4.87,
WIDL1610 #1,22,K 766.491,K,766.491,6393.87,27.68,
WIDL1610 #1,22,Ti 334.941,Ti,334.941,207623.73,106.54,
WIDL1610 #1,22,Ti 336.122,Ti,336.122,103902.62,102.05,
WIDL1610 #1,22,Ti 336.122,Ti,336.122,103902.62,102.05,
WIDL1611 #1,23,Al 308.215,Al,308.215,15071.66,80.61,
WIDL1611 #1,23,Al 396.152,Al,396.152,69289.97,466.8,
WIDL1611 #1,23,Be 313.042,Be,313.042,-471.24,9.52,
WIDL1611 #1,23,Be 313.107,Be,313.107,17.42,5,
WIDL1611 #1,23,Ca 315.887,Ca,315.887,27797.42,131.03,
WIDL1611 #1,23,Ca 317.933,Ca,317.933,98391,320.98,
WIDL1611 #1,23,Fe 238.204,Fe,238.204,11318.93,99.93,
WIDL1611 #1,23,Fe 239.563,Fe,239.563,1370.35,10.7,
WIDL1611 #1,23,K 404.721,K,404.721,17.26,16.35,
WIDL1611 #1,23,K 766.491,K,766.491,42406.58,48.53,
WIDL1611 #1,23,Ti 334.941,Ti,334.941,286098.89,564.68,
WIDL1611 #1,23,Ti 336.122,Ti,336.122,143173.47,173.83,
WIDL1611 #1,23,Ti 336.122,Ti,336.122,143173.47,173.83,
WIDL1613 #1,24,Al 308.215,Al,308.215,17186.55,248.18,
WIDL1613 #1,24,Al 396.152,Al,396.152,80080.47,1482.89,
WIDL1613 #1,24,Be 313.042,Be,313.042,-1887.54,21.34,
WIDL1613 #1,24,Be 313.107,Be,313.107,27.12,9.67,
WIDL1613 #1,24,Ca 315.887,Ca,315.887,15866.83,35.35,
WIDL1613 #1,24,Ca 317.933,Ca,317.933,57105.12,19.75,
WIDL1613 #1,24,Fe 238.204,Fe,238.204,17509.72,11.51,
WIDL1613 #1,24,Fe 239.563,Fe,239.563,2105.36,11.51,
WIDL1613 #1,24,K 404.721,K,404.721,43.34,19.52,
WIDL1613 #1,24,K 766.491,K,766.491,31561.87,398.89,
WIDL1613 #1,24,Ti 334.941,Ti,334.941,195942.6,1013.88,
WIDL1613 #1,24,Ti 336.122,Ti,336.122,98060.44,588.66,
WIDL1613 #1,24,Ti 336.122,Ti,336.122,98060.44,588.66,
PMCL1 #1,25,Al 308.215,Al,308.215,58994.22,643.01,
PMCL1 #1,25,Al 396.152,Al,396.152,306586.87,3799.6,
PMCL1 #1,25,Be 313.042,Be,313.042,8675.49,33.63,
PMCL1 #1,25,Be 313.107,Be,313.107,4622.83,29.54,
PMCL1 #1,25,Ca 315.887,Ca,315.887,6585.74,46.87,
PMCL1 #1,25,Ca 317.933,Ca,317.933,24706.68,128.15,
PMCL1 #1,25,Fe 238.204,Fe,238.204,87484.14,220.3,
PMCL1 #1,25,Fe 239.563,Fe,239.563,10511.45,54.48,
PMCL1 #1,25,K 404.721,K,404.721,51.59,15.15,
PMCL1 #1,25,K 766.491,K,766.491,140677.22,1802.7,
PMCL1 #1,25,Ti 334.941,Ti,334.941,449216.93,1858.97,
PMCL1 #1,25,Ti 336.122,Ti,336.122,224590.37,994.27,
PMCL1 #1,25,Ti 336.122,Ti,336.122,224590.37,994.27,
PMCL2 #1,26,Al 308.215,Al,308.215,56699.75,345.37,
PMCL2 #1,26,Al 396.152,Al,396.152,292877.13,2629.42,
PMCL2 #1,26,Be 313.042,Be,313.042,-280.48,60.11,
PMCL2 #1,26,Be 313.107,Be,313.107,1458.76,20.56,
PMCL2 #1,26,Ca 315.887,Ca,315.887,15062.85,75.65,
PMCL2 #1,26,Ca 317.933,Ca,317.933,54398.9,294.23,
PMCL2 #1,26,Fe 238.204,Fe,238.204,40817.88,148.16,
PMCL2 #1,26,Fe 239.563,Fe,239.563,4922.68,26.15,
PMCL2 #1,26,K 404.721,K,404.721,25.18,4.94,
PMCL2 #1,26,K 766.491,K,766.491,51123.2,280.23,
PMCL2 #1,26,Ti 334.941,Ti,334.941,467964.52,1089.79,
PMCL2 #1,26,Ti 336.122,Ti,336.122,233762.64,561.29,
PMCL2 #1,26,Ti 336.122,Ti,336.122,233762.64,561.29,
PMCL2 #2,27,Al 308.215,Al,308.215,60155.62,254.18,
PMCL2 #2,27,Al 396.152,Al,396.152,314100.38,2364.18,
PMCL2 #2,27,Be 313.042,Be,313.042,-103.16,47.37,
PMCL2 #2,27,Be 313.107,Be,313.107,1565.96,12.12,
PMCL2 #2,27,Ca 315.887,Ca,315.887,15999.38,34.6,
PMCL2 #2,27,Ca 317.933,Ca,317.933,57656.26,173.87,
PMCL2 #2,27,Fe 238.204,Fe,238.204,43242.4,152.17,
PMCL2 #2,27,Fe 239.563,Fe,239.563,5180.07,5.97,
PMCL2 #2,27,K 404.721,K,404.721,23.52,4.99,
PMCL2 #2,27,K 766.491,K,766.491,53938.31,266.75,
PMCL2 #2,27,Ti 334.941,Ti,334.941,487557.09,1380.64,
PMCL2 #2,27,Ti 336.122,Ti,336.122,243775.72,834.79,
PMCL2 #2,27,Ti 336.122,Ti,336.122,243775.72,834.79,
PMCL3 #1,28,Al 308.215,Al,308.215,79718.57,1002.16,
PMCL3 #1,28,Al 396.152,Al,396.152,420641.38,5009.97,
PMCL3 #1,28,Be 313.042,Be,313.042,9797.91,14.24,
PMCL3 #1,28,Be 313.107,Be,313.107,5351.06,60.85,
PMCL3 #1,28,Ca 315.887,Ca,315.887,5393.63,45.3,
PMCL3 #1,28,Ca 317.933,Ca,317.933,20279.4,90.45,
PMCL3 #1,28,Fe 238.204,Fe,238.204,57779.18,171.07,
PMCL3 #1,28,Fe 239.563,Fe,239.563,6892.85,19.17,
PMCL3 #1,28,K 404.721,K,404.721,55.64,20.63,
PMCL3 #1,28,K 766.491,K,766.491,89141.1,822.22,
PMCL3 #1,28,Ti 334.941,Ti,334.941,583789.61,1610.89,
PMCL3 #1,28,Ti 336.122,Ti,336.122,294448.19,1188.84,
PMCL3 #1,28,Ti 336.122,Ti,336.122,294448.19,1188.84,
PMCL4 #1,29,Al 308.215,Al,308.215,64149.22,153.43,
PMCL4 #1,29,Al 396.152,Al,396.152,333954.8,1354.43,
PMCL4 #1,29,Be 313.042,Be,313.042,3922.22,83.7,
PMCL4 #1,29,Be 313.107,Be,313.107,3662.24,96.65,
PMCL4 #1,29,Ca 315.887,Ca,315.887,4569.47,15.28,
PMCL4 #1,29,Ca 317.933,Ca,317.933,17323.7,54.62,
PMCL4 #1,29,Fe 238.204,Fe,238.204,63267.16,183.43,
PMCL4 #1,29,Fe 239.563,Fe,239.563,7595.74,10.21,
PMCL4 #1,29,K 404.721,K,404.721,48.22,19.35,
PMCL4 #1,29,K 766.491,K,766.491,86915.92,463.98,
PMCL4 #1,29,Ti 334.941,Ti,334.941,404677.68,1075.61,
PMCL4 #1,29,Ti 336.122,Ti,336.122,202172.69,509.56,
PMCL4 #1,29,Ti 336.122,Ti,336.122,202172.69,509.56,
PMCL4 #2,30,Al 308.215,Al,308.215,68911.17,425.71,
PMCL4 #2,30,Al 396.152,Al,396.152,359779.51,3735.62,
PMCL4 #2,30,Be 313.042,Be,313.042,7785.59,22.21,
PMCL4 #2,30,Be 313.107,Be,313.107,4308.34,49.21,
PMCL4 #2,30,Ca 315.887,Ca,315.887,4968.7,15.65,
PMCL4 #2,30,Ca 317.933,Ca,317.933,18901,35.31,
PMCL4 #2,30,Fe 238.204,Fe,238.204,70113.45,152.17,
PMCL4 #2,30,Fe 239.563,Fe,239.563,8388.62,16.17,
PMCL4 #2,30,K 404.721,K,404.721,48.67,24.25,
PMCL4 #2,30,K 766.491,K,766.491,96605.81,748.76,
PMCL4 #2,30,Ti 334.941,Ti,334.941,430814.1,1004.92,
PMCL4 #2,30,Ti 336.122,Ti,336.122,214906.44,497.08,
PMCL4 #2,30,Ti 336.122,Ti,336.122,214906.44,497.08,
Blank,31,Al 308.215,Al,308.215,2259.84,34.08,0.00
Blank,31,Al 396.152,Al,396.152,458.12,19.63,0.00
Blank,31,Be 313.042,Be,313.042,-1182.57,52.78,0.00
Blank,31,Be 313.107,Be,313.107,15.9,1.89,0.00
Blank,31,Ca 315.887,Ca,315.887,120.18,10.96,0.00
Blank,31,Ca 317.933,Ca,317.933,938.34,9.81,0.00
Blank,31,Fe 238.204,Fe,238.204,63.89,2.73,0.00
Blank,31,Fe 239.563,Fe,239.563,18.77,4.4,0.00
Blank,31,K 404.721,K,404.721,43.95,14.63,0.00
Blank,31,K 766.491,K,766.491,165.47,28.11,0.00
Blank,31,Ti 334.941,Ti,334.941,547.67,27.76,0.00
Blank,31,Ti 336.122,Ti,336.122,347.73,6.44,0.00
Blank,31,Ti 336.122,Ti,336.122,347.73,6.44,0.00
Standard 1,32,Al 308.215,Al,308.215,13127.33,79.57,0.98
Standard 1,32,Al 396.152,Al,396.152,58752.76,360.08,0.98
Standard 1,32,Be 313.042,Be,313.042,2800727.41,20642.41,0.98
Standard 1,32,Be 313.107,Be,313.107,1372522.6,10219.95,0.98
Standard 1,32,Ca 315.887,Ca,315.887,9405.99,13.07,0.98
Standard 1,32,Ca 317.933,Ca,317.933,34417.48,59.45,0.98
Standard 1,32,Fe 238.204,Fe,238.204,47255.97,249.76,0.98
Standard 1,32,Fe 239.563,Fe,239.563,5689.93,9.18,0.98
Standard 1,32,K 404.721,K,404.721,20.1,3.88,0.99
Standard 1,32,K 766.491,K,766.491,NaN,NaN,0.99
Standard 1,32,Ti 334.941,Ti,334.941,324374.56,1054.68,0.99
Standard 1,32,Ti 336.122,Ti,336.122,161977.45,417.37,0.99
Standard 1,32,Ti 336.122,Ti,336.122,161977.45,417.37,0.99
Standard 2,33,Al 308.215,Al,308.215,56727.32,400.39,4.96
Standard 2,33,Al 396.152,Al,396.152,300133.06,4106.59,4.96
Standard 2,33,Be 313.042,Be,313.042,13291782.55,197861.05,4.95
Standard 2,33,Be 313.107,Be,313.107,6684213.14,99118.46,4.95
Standard 2,33,Ca 315.887,Ca,315.887,46748.72,121.82,4.92
Standard 2,33,Ca 317.933,Ca,317.933,164777.9,249.4,4.92
Standard 2,33,Fe 238.204,Fe,238.204,228764.55,1291.46,4.92
Standard 2,33,Fe 239.563,Fe,239.563,27575.13,43.08,4.92
Standard 2,33,K 404.721,K,404.721,106.6,12.02,4.98
Standard 2,33,K 766.491,K,766.491,425613.85,2717.87,4.98
Standard 2,33,Ti 334.941,Ti,334.941,1576309.43,6433.91,4.98
Standard 2,33,Ti 336.122,Ti,336.122,789005.16,2793.67,4.98
Standard 2,33,Ti 336.122,Ti,336.122,789005.16,2793.67,4.98
Standard 3,34,Al 308.215,Al,308.215,104529.15,470.44,9.39
Standard 3,34,Al 396.152,Al,396.152,567086.46,6721.27,9.39
Standard 3,34,Be 313.042,Be,313.042,23602699.4,515639.32,9.37
Standard 3,34,Be 313.107,Be,313.107,12150441.95,263415.1,9.37
Standard 3,34,Ca 315.887,Ca,315.887,86624.48,238.91,9.31
Standard 3,34,Ca 317.933,Ca,317.933,305337.83,1853.23,9.31
Standard 3,34,Fe 238.204,Fe,238.204,422293.76,724.22,9.31
Standard 3,34,Fe 239.563,Fe,239.563,50856.92,129.78,9.31
Standard 3,34,K 404.721,K,404.721,211.98,30.76,9.42
Standard 3,34,K 766.491,K,766.491,871709.08,7138.73,9.42
Standard 3,34,Ti 334.941,Ti,334.941,2922229.31,5277.05,9.42
Standard 3,34,Ti 336.122,Ti,336.122,1464819.12,3041.88,9.42
Standard 3,34,Ti 336.122,Ti,336.122,1464819.12,3041.88,9.42
Standard 4,35,Al 308.215,Al,308.215,215999.65,947.84,19.92
Standard 4,35,Al 396.152,Al,396.152,1191156.04,14014.78,19.92
Standard 4,35,Be 313.042,Be,313.042,NaN,NaN,19.87
Standard 4,35,Be 313.107,Be,313.107,NaN,NaN,19.87
Standard 4,35,Ca 315.887,Ca,315.887,176556.86,835.71,19.76
Standard 4,35,Ca 317.933,Ca,317.933,622329.27,7704.81,19.76
Standard 4,35,Fe 238.204,Fe,238.204,839118.45,7372.69,19.75
Standard 4,35,Fe 239.563,Fe,239.563,102283.14,367.6,19.75
Standard 4,35,K 404.721,K,404.721,490.5,33.17,19.98
Standard 4,35,K 766.491,K,766.491,1985427.95,4293.33,19.98
Standard 4,35,Ti 334.941,Ti,334.941,5827112.25,29681.82,19.99
Standard 4,35,Ti 336.122,Ti,336.122,2956490.73,9640.37,19.99
Standard 4,35,Ti 336.122,Ti,336.122,2956490.73,9640.37,19.99
SVM1 #1,36,Al 308.215,Al,308.215,44568.16,319.12,
SVM1 #1,36,Al 396.152,Al,396.152,227801.8,1347.53,
SVM1 #1,36,Be 313.042,Be,313.042,-557.23,4.17,
SVM1 #1,36,Be 313.107,Be,313.107,172.11,31.4,
SVM1 #1,36,Ca 315.887,Ca,315.887,22554.33,84.66,
SVM1 #1,36,Ca 317.933,Ca,317.933,80608.85,331.32,
SVM1 #1,36,Fe 238.204,Fe,238.204,7577.02,71.94,
SVM1 #1,36,Fe 239.563,Fe,239.563,916.62,4.3,
SVM1 #1,36,K 404.721,K,404.721,32.44,25.73,
SVM1 #1,36,K 766.491,K,766.491,19103.97,95.96,
SVM1 #1,36,Ti 334.941,Ti,334.941,885372.21,4748.09,
SVM1 #1,36,Ti 336.122,Ti,336.122,446617.11,2387.45,
SVM1 #1,36,Ti 336.122,Ti,336.122,446617.11,2387.45,
SVM1 #2,37,Al 308.215,Al,308.215,40498.03,95.21,
SVM1 #2,37,Al 396.152,Al,396.152,206782.91,986.33,
SVM1 #2,37,Be 313.042,Be,313.042,138.74,15.69,
SVM1 #2,37,Be 313.107,Be,313.107,101.7,12.19,
SVM1 #2,37,Ca 315.887,Ca,315.887,18671.34,50.69,
SVM1 #2,37,Ca 317.933,Ca,317.933,67012.51,109.15,
SVM1 #2,37,Fe 238.204,Fe,238.204,6463.67,13.59,
SVM1 #2,37,Fe 239.563,Fe,239.563,767.76,7.31,
SVM1 #2,37,K 404.721,K,404.721,34.8,15.22,
SVM1 #2,37,K 766.491,K,766.491,15550.59,100.64,
SVM1 #2,37,Ti 334.941,Ti,334.941,815747.03,2012.75,
SVM1 #2,37,Ti 336.122,Ti,336.122,411468.94,1585.53,
SVM1 #2,37,Ti 336.122,Ti,336.122,411468.94,1585.53,
SVM2 #1,38,Al 308.215,Al,308.215,37440.13,183.48,
SVM2 #1,38,Al 396.152,Al,396.152,189630.09,1075.54,
SVM2 #1,38,Be 313.042,Be,313.042,5958.25,153.18,
SVM2 #1,38,Be 313.107,Be,313.107,3410.62,44.78,
SVM2 #1,38,Ca 315.887,Ca,315.887,2079.34,24.25,
SVM2 #1,38,Ca 317.933,Ca,317.933,8864.36,27.63,
SVM2 #1,38,Fe 238.204,Fe,238.204,45415.13,169,
SVM2 #1,38,Fe 239.563,Fe,239.563,5445.73,41.63,
SVM2 #1,38,K 404.721,K,404.721,140.87,2.27,
SVM2 #1,38,K 766.491,K,766.491,63985.65,550.45,
SVM2 #1,38,Ti 334.941,Ti,334.941,723465.06,985.42,
SVM2 #1,38,Ti 336.122,Ti,336.122,365913.16,1367.86,
SVM2 #1,38,Ti 336.122,Ti,336.122,365913.16,1367.86,
SVM2 #2,39,Al 308.215,Al,308.215,37003.08,410.98,
SVM2 #2,39,Al 396.152,Al,396.152,187149.22,3152.99,
SVM2 #2,39,Be 313.042,Be,313.042,2462.47,61.4,
SVM2 #2,39,Be 313.107,Be,313.107,3265.13,5.09,
SVM2 #2,39,Ca 315.887,Ca,315.887,1319.57,22.02,
SVM2 #2,39,Ca 317.933,Ca,317.933,6207.1,22.47,
SVM2 #2,39,Fe 238.204,Fe,238.204,46096.75,57.23,
SVM2 #2,39,Fe 239.563,Fe,239.563,5531.37,11.38,
SVM2 #2,39,K 404.721,K,404.721,154.6,28.03,
SVM2 #2,39,K 766.491,K,766.491,66415.6,375.62,
SVM2 #2,39,Ti 334.941,Ti,334.941,717830.63,3809.83,
SVM2 #2,39,Ti 336.122,Ti,336.122,361603.19,220.44,
SVM2 #2,39,Ti 336.122,Ti,336.122,361603.19,220.44,
SVM3 #1,40,Al 308.215,Al,308.215,45150.7,60.77,
SVM3 #1,40,Al 396.152,Al,396.152,231200.1,271.32,
SVM3 #1,40,Be 313.042,Be,313.042,1095.15,30.38,
SVM3 #1,40,Be 313.107,Be,313.107,2179.23,22.82,
SVM3 #1,40,Ca 315.887,Ca,315.887,3021.24,11.6,
SVM3 #1,40,Ca 317.933,Ca,317.933,12088.93,52.99,
SVM3 #1,40,Fe 238.204,Fe,238.204,11029.37,66.41,
SVM3 #1,40,Fe 239.563,Fe,239.563,1336.97,11.51,
SVM3 #1,40,K 404.721,K,404.721,30.99,15.79,
SVM3 #1,40,K 766.491,K,766.491,23452.82,96.21,
SVM3 #1,40,Ti 334.941,Ti,334.941,416948.11,999.37,
SVM3 #1,40,Ti 336.122,Ti,336.122,208204.19,430.66,
SVM3 #1,40,Ti 336.122,Ti,336.122,208204.19,430.66,
SVM4 #1,41,Al 308.215,Al,308.215,26041.45,89.16,
SVM4 #1,41,Al 396.152,Al,396.152,127119.58,284.28,
SVM4 #1,41,Be 313.042,Be,313.042,11921.21,65.9,
SVM4 #1,41,Be 313.107,Be,313.107,6352.54,15.06,
SVM4 #1,41,Ca 315.887,Ca,315.887,1265.01,5.68,
SVM4 #1,41,Ca 317.933,Ca,317.933,6246.24,15.14,
SVM4 #1,41,Fe 238.204,Fe,238.204,109987.32,530.84,
SVM4 #1,41,Fe 239.563,Fe,239.563,13207.91,32.47,
SVM4 #1,41,K 404.721,K,404.721,327.07,29.54,
SVM4 #1,41,K 766.491,K,766.491,65411.79,279.35,
SVM4 #1,41,Ti 334.941,Ti,334.941,634166.1,909.97,
SVM4 #1,41,Ti 336.122,Ti,336.122,319800.33,758.67,
SVM4 #1,41,Ti 336.122,Ti,336.122,319800.33,758.67,
SVM5 #1,42,Al 308.215,Al,308.215,53103.71,368.41,
SVM5 #1,42,Al 396.152,Al,396.152,275210.33,3419.3,
SVM5 #1,42,Be 313.042,Be,313.042,5365.08,63.02,
SVM5 #1,42,Be 313.107,Be,313.107,3478.9,9.36,
SVM5 #1,42,Ca 315.887,Ca,315.887,2999.36,6.83,
SVM5 #1,42,Ca 317.933,Ca,317.933,11869.6,53.39,
SVM5 #1,42,Fe 238.204,Fe,238.204,64633.52,156.96,
SVM5 #1,42,Fe 239.563,Fe,239.563,7694.34,6.7,
SVM5 #1,42,K 404.721,K,404.721,34.54,5.56,
SVM5 #1,42,K 766.491,K,766.491,60133.22,317.39,
SVM5 #1,42,Ti 334.941,Ti,334.941,385186.84,531.5,
SVM5 #1,42,Ti 336.122,Ti,336.122,192246.34,255.79,
SVM5 #1,42,Ti 336.122,Ti,336.122,192246.34,255.79,
GDP12A,43,Al 308.215,Al,308.215,59941.9,446.79,
GDP12A,43,Al 396.152,Al,396.152,309794.62,2810.49,
GDP12A,43,Be 313.042,Be,313.042,735.71,8.7,
GDP12A,43,Be 313.107,Be,313.107,414.39,14.01,
GDP12A,43,Ca 315.887,Ca,315.887,7835.65,18.42,
GDP12A,43,Ca 317.933,Ca,317.933,29040.43,81.71,
GDP12A,43,Fe 238.204,Fe,238.204,135712.1,752.57,
GDP12A,43,Fe 239.563,Fe,239.563,16345.53,29.43,
GDP12A,43,K 404.721,K,404.721,120.48,33.71,
GDP12A,43,K 766.491,K,766.491,115607.33,1150.55,
GDP12A,43,Ti 334.941,Ti,334.941,181461.64,581.78,
GDP12A,43,Ti 336.122,Ti,336.122,90658.09,295.25,
GDP12A,43,Ti 336.122,Ti,336.122,90658.09,295.25,
GDP36,44,Al 308.215,Al,308.215,59748.4,221.19,
GDP36,44,Al 396.152,Al,396.152,309576.82,1498.99,
GDP36,44,Be 313.042,Be,313.042,-1080.58,15.87,
GDP36,44,Be 313.107,Be,313.107,214.86,25.33,
GDP36,44,Ca 315.887,Ca,315.887,35226.81,268.27,
GDP36,44,Ca 317.933,Ca,317.933,124749.25,521.56,
GDP36,44,Fe 238.204,Fe,238.204,144851.55,531.46,
GDP36,44,Fe 239.563,Fe,239.563,17428.02,71.13,
GDP36,44,K 404.721,K,404.721,68.11,27.4,
GDP36,44,K 766.491,K,766.491,91514.95,372.06,
GDP36,44,Ti 334.941,Ti,334.941,159762.41,413.42,
GDP36,44,Ti 336.122,Ti,336.122,80532.55,343.42,
GDP36,44,Ti 336.122,Ti,336.122,80532.55,343.42,
GDP13F,45,Al 308.215,Al,308.215,71157.77,208.75,
GDP13F,45,Al 396.152,Al,396.152,373089.83,2355.62,
GDP13F,45,Be 313.042,Be,313.042,-844.67,15.72,
GDP13F,45,Be 313.107,Be,313.107,397.66,32.53,
GDP13F,45,Ca 315.887,Ca,315.887,42207.17,44.14,
GDP13F,45,Ca 317.933,Ca,317.933,149134.58,374.25,
GDP13F,45,Fe 238.204,Fe,238.204,222044.42,1167.67,
GDP13F,45,Fe 239.563,Fe,239.563,26647.79,103.47,
GDP13F,45,K 404.721,K,404.721,101.58,45.9,
GDP13F,45,K 766.491,K,766.491,111930.62,871.8,
GDP13F,45,Ti 334.941,Ti,334.941,280502.89,1107.74,
GDP13F,45,Ti 336.122,Ti,336.122,139965.69,552.6,
GDP13F,45,Ti 336.122,Ti,336.122,139965.69,552.6,
GDP40,46,Al 308.215,Al,308.215,20282.02,63.42,
GDP40,46,Al 396.152,Al,396.152,96160.77,353.64,
GDP40,46,Be 313.042,Be,313.042,-1906.28,11.8,
GDP40,46,Be 313.107,Be,313.107,37.4,15.08,
GDP40,46,Ca 315.887,Ca,315.887,10654.53,36.16,
GDP40,46,Ca 317.933,Ca,317.933,38932.9,96.22,
GDP40,46,Fe 238.204,Fe,238.204,56741.93,252.12,
GDP40,46,Fe 239.563,Fe,239.563,6785.72,16.9,
GDP40,46,K 404.721,K,404.721,21.13,15.58,
GDP40,46,K 766.491,K,766.491,42429.09,111.79,
GDP40,46,Ti 334.941,Ti,334.941,182799.38,576.93,
GDP40,46,Ti 336.122,Ti,336.122,91391.63,237.1,
GDP40,46,Ti 336.122,Ti,336.122,91391.63,237.1,
GDP29,47,Al 308.215,Al,308.215,89722.57,679.93,
GDP29,47,Al 396.152,Al,396.152,473241.72,4424.27,
GDP29,47,Be 313.042,Be,313.042,-2290.91,7.89,
GDP29,47,Be 313.107,Be,313.107,352.32,16.9,
GDP29,47,Ca 315.887,Ca,315.887,12374.86,43.79,
GDP29,47,Ca 317.933,Ca,317.933,44925.88,97.67,
GDP29,47,Fe 238.204,Fe,238.204,81057.55,525.43,
GDP29,47,Fe 239.563,Fe,239.563,9671.73,44.16,
GDP29,47,K 404.721,K,404.721,100.94,8.43,
GDP29,47,K 766.491,K,766.491,193148.28,1660.21,
GDP29,47,Ti 334.941,Ti,334.941,434011.78,1455.2,
GDP29,47,Ti 336.122,Ti,336.122,216466.01,676.94,
GDP29,47,Ti 336.122,Ti,336.122,216466.01,676.94,
GDP27,48,Al 308.215,Al,308.215,90829.43,138.09,
GDP27,48,Al 396.152,Al,396.152,477646.07,1881.7,
GDP27,48,Be 313.042,Be,313.042,-2098.59,16.06,
GDP27,48,Be 313.107,Be,313.107,291.11,13.88,
GDP27,48,Ca 315.887,Ca,315.887,32705.99,7.01,
GDP27,48,Ca 317.933,Ca,317.933,115761.19,151.11,
GDP27,48,Fe 238.204,Fe,238.204,144275.57,494.99,
GDP27,48,Fe 239.563,Fe,239.563,17333.05,39.97,
GDP27,48,K 404.721,K,404.721,92.43,18,
GDP27,48,K 766.491,K,766.491,210609.93,992.45,
GDP27,48,Ti 334.941,Ti,334.941,590215.25,2440.69,
GDP27,48,Ti 336.122,Ti,336.122,299109.05,1699.55,
GDP27,48,Ti 336.122,Ti,336.122,299109.05,1699.55,
GDP38,49,Al 308.215,Al,308.215,25263.02,113.62,
GDP38,49,Al 396.152,Al,396.152,122795.32,935.55,
GDP38,49,Be 313.042,Be,313.042,631.85,12.77,
GDP38,49,Be 313.107,Be,313.107,298.93,9.32,
GDP38,49,Ca 315.887,Ca,315.887,10344.76,35.84,
GDP38,49,Ca 317.933,Ca,317.933,37861.83,163.57,
GDP38,49,Fe 238.204,Fe,238.204,59268.72,175.13,
GDP38,49,Fe 239.563,Fe,239.563,7051.22,17.28,
GDP38,49,K 404.721,K,404.721,29.15,19.68,
GDP38,49,K 766.491,K,766.491,70487.43,120.47,
GDP38,49,Ti 334.941,Ti,334.941,84486.52,234.71,
GDP38,49,Ti 336.122,Ti,336.122,42651.39,105,
GDP38,49,Ti 336.122,Ti,336.122,42651.39,105,
GDP5,50,Al 308.215,Al,308.215,67652.31,387.48,
GDP5,50,Al 396.152,Al,396.152,353216.5,2555.14,
GDP5,50,Be 313.042,Be,313.042,785.55,19.39,
GDP5,50,Be 313.107,Be,313.107,484.99,14.25,
GDP5,50,Ca 315.887,Ca,315.887,26775.14,75.13,
GDP5,50,Ca 317.933,Ca,317.933,94934.01,366.49,
GDP5,50,Fe 238.204,Fe,238.204,167027.42,221.74,
GDP5,50,Fe 239.563,Fe,239.563,20049.33,70.79,
GDP5,50,K 404.721,K,404.721,101.17,22.4,
GDP5,50,K 766.491,K,766.491,117080.01,578.63,
GDP5,50,Ti 334.941,Ti,334.941,207364.59,813.27,
GDP5,50,Ti 336.122,Ti,336.122,103639.15,384.13,
GDP5,50,Ti 336.122,Ti,336.122,103639.15,384.13,
GDP37,51,Al 308.215,Al,308.215,24978.51,93.85,
GDP37,51,Al 396.152,Al,396.152,121636.88,715.44,
GDP37,51,Be 313.042,Be,313.042,-604.43,20.19,
GDP37,51,Be 313.107,Be,313.107,292.32,3.63,
GDP37,51,Ca 315.887,Ca,315.887,10175.87,39.35,
GDP37,51,Ca 317.933,Ca,317.933,37250.78,89.67,
GDP37,51,Fe 238.204,Fe,238.204,57973.19,137.77,
GDP37,51,Fe 239.563,Fe,239.563,7002.47,31.39,
GDP37,51,K 404.721,K,404.721,59.32,15.43,
GDP37,51,K 766.491,K,766.491,61707.29,355.17,
GDP37,51,Ti 334.941,Ti,334.941,88508.91,173.37,
GDP37,51,Ti 336.122,Ti,336.122,44711.52,257.1,
GDP37,51,Ti 336.122,Ti,336.122,44711.52,257.1,
GDP23,52,Al 308.215,Al,308.215,78923.17,684.81,
GDP23,52,Al 396.152,Al,396.152,414429.31,4856.62,
GDP23,52,Be 313.042,Be,313.042,-1774.44,9.44,
GDP23,52,Be 313.107,Be,313.107,261.42,12.13,
GDP23,52,Ca 315.887,Ca,315.887,6929.84,26.86,
GDP23,52,Ca 317.933,Ca,317.933,25776.26,82.78,
GDP23,52,Fe 238.204,Fe,238.204,48169.22,209.53,
GDP23,52,Fe 239.563,Fe,239.563,5772.56,18.82,
GDP23,52,K 404.721,K,404.721,120.54,8.25,
GDP23,52,K 766.491,K,766.491,199452.37,1753.71,
GDP23,52,Ti 334.941,Ti,334.941,413296.35,2041.28,
GDP23,52,Ti 336.122,Ti,336.122,206227.9,982.55,
GDP23,52,Ti 336.122,Ti,336.122,206227.9,982.55,
GDP39,53,Al 308.215,Al,308.215,21975.47,152.03,
GDP39,53,Al 396.152,Al,396.152,105929.53,900.5,
GDP39,53,Be 313.042,Be,313.042,-2057.06,8.57,
GDP39,53,Be 313.107,Be,313.107,36.75,6.32,
GDP39,53,Ca 315.887,Ca,315.887,12075.72,42.99,
GDP39,53,Ca 317.933,Ca,317.933,43941.73,236.4,
GDP39,53,Fe 238.204,Fe,238.204,94643.67,637.76,
GDP39,53,Fe 239.563,Fe,239.563,11380.85,36.48,
GDP39,53,K 404.721,K,404.721,54.6,10.89,
GDP39,53,K 766.491,K,766.491,52843.38,433.3,
GDP39,53,Ti 334.941,Ti,334.941,202813.8,547.53,
GDP39,53,Ti 336.122,Ti,336.122,101319.05,321.44,
GDP39,53,Ti 336.122,Ti,336.122,101319.05,321.44,
GDP1,54,Al 308.215,Al,308.215,40595.47,220.46,
GDP1,54,Al 396.152,Al,396.152,206035.01,1260.8,
GDP1,54,Be 313.042,Be,313.042,-1910.64,0.54,
GDP1,54,Be 313.107,Be,313.107,109.67,14.94,
GDP1,54,Ca 315.887,Ca,315.887,11630.63,45.06,
GDP1,54,Ca 317.933,Ca,317.933,42306.75,209.26,
GDP1,54,Fe 238.204,Fe,238.204,58585.47,156.61,
GDP1,54,Fe 239.563,Fe,239.563,6999.8,30.57,
GDP1,54,K 404.721,K,404.721,60.16,25.85,
GDP1,54,K 766.491,K,766.491,75782.55,447.32,
GDP1,54,Ti 334.941,Ti,334.941,247311.62,332.26,
GDP1,54,Ti 336.122,Ti,336.122,123454.16,179.3,
GDP1,54,Ti 336.122,Ti,336.122,123454.16,179.3,
GDP4,55,Al 308.215,Al,308.215,72860,867.34,
GDP4,55,Al 396.152,Al,396.152,381128.04,5045.31,
GDP4,55,Be 313.042,Be,313.042,-528.06,3.31,
GDP4,55,Be 313.107,Be,313.107,225.12,18.71,
GDP4,55,Ca 315.887,Ca,315.887,16688.42,65.65,
GDP4,55,Ca 317.933,Ca,317.933,60062.87,199.22,
GDP4,55,Fe 238.204,Fe,238.204,101417.36,338.15,
GDP4,55,Fe 239.563,Fe,239.563,12181.58,24.68,
GDP4,55,K 404.721,K,404.721,110.76,15.36,
GDP4,55,K 766.491,K,766.491,203267.62,2387.58,
GDP4,55,Ti 334.941,Ti,334.941,263983.34,1335.43,
GDP4,55,Ti 336.122,Ti,336.122,131810.31,725.79,
GDP4,55,Ti 336.122,Ti,336.122,131810.31,725.79,
GDP6,56,Al 308.215,Al,308.215,54309.36,176.81,
GDP6,56,Al 396.152,Al,396.152,280926.55,951.77,
GDP6,56,Be 313.042,Be,313.042,-2030.39,6.04,
GDP6,56,Be 313.107,Be,313.107,161.66,13.09,
GDP6,56,Ca 315.887,Ca,315.887,13412.42,37.09,
GDP6,56,Ca 317.933,Ca,317.933,48695.3,178.69,
GDP6,56,Fe 238.204,Fe,238.204,58562.88,244.47,
GDP6,56,Fe 239.563,Fe,239.563,7031.16,15.25,
GDP6,56,K 404.721,K,404.721,77.51,21.55,
GDP6,56,K 766.491,K,766.491,152456.03,394.21,
GDP6,56,Ti 334.941,Ti,334.941,265020.61,977.37,
GDP6,56,Ti 336.122,Ti,336.122,132380.81,514.67,
GDP6,56,Ti 336.122,Ti,336.122,132380.81,514.67,
GDP7,57,Al 308.215,Al,308.215,59108.24,499.97,
GDP7,57,Al 396.152,Al,396.152,307017.98,3930.71,
GDP7,57,Be 313.042,Be,313.042,438.46,27.96,
GDP7,57,Be 313.107,Be,313.107,364.06,34.11,
GDP7,57,Ca 315.887,Ca,315.887,9084.24,53.69,
GDP7,57,Ca 317.933,Ca,317.933,33479.81,151.08,
GDP7,57,Fe 238.204,Fe,238.204,63956.38,388.43,
GDP7,57,Fe 239.563,Fe,239.563,7642.5,36.75,
GDP7,57,K 404.721,K,404.721,124.34,11.06,
GDP7,57,K 766.491,K,766.491,136385.42,1291.46,
GDP7,57,Ti 334.941,Ti,334.941,237318.97,1327.92,
GDP7,57,Ti 336.122,Ti,336.122,118629.6,518.31,
GDP7,57,Ti 336.122,Ti,336.122,118629.6,518.31,
GDP8,58,Al 308.215,Al,308.215,76464.04,573.43,
GDP8,58,Al 396.152,Al,396.152,401606.98,4061.7,
GDP8,58,Be 313.042,Be,313.042,190.23,22.41,
GDP8,58,Be 313.107,Be,313.107,242.11,37.68,
GDP8,58,Ca 315.887,Ca,315.887,13870.52,55.69,
GDP8,58,Ca 317.933,Ca,317.933,50112.99,233.21,
GDP8,58,Fe 238.204,Fe,238.204,79561,261.85,
GDP8,58,Fe 239.563,Fe,239.563,9485.08,28.98,
GDP8,58,K 404.721,K,404.721,121.63,7.75,
GDP8,58,K 766.491,K,766.491,225506.68,1267.37,
GDP8,58,Ti 334.941,Ti,334.941,220362.77,1122.46,
GDP8,58,Ti 336.122,Ti,336.122,110081.18,577.77,
GDP8,58,Ti 336.122,Ti,336.122,110081.18,577.77,
GDP12B,59,Al 308.215,Al,308.215,65204.7,304.2,
GDP12B,59,Al 396.152,Al,396.152,340631.44,2747.13,
GDP12B,59,Be 313.042,Be,313.042,-1591.06,16.7,
GDP12B,59,Be 313.107,Be,313.107,484.93,1.87,
GDP12B,59,Ca 315.887,Ca,315.887,8380.98,37.12,
GDP12B,59,Ca 317.933,Ca,317.933,30959.45,97.26,
GDP12B,59,Fe 238.204,Fe,238.204,133122.45,270.94,
GDP12B,59,Fe 239.563,Fe,239.563,15933.54,43.78,
GDP12B,59,K 404.721,K,404.721,120.1,8.08,
GDP12B,59,K 766.491,K,766.491,126190.27,396.46,
GDP12B,59,Ti 334.941,Ti,334.941,240723.76,690.22,
GDP12B,59,Ti 336.122,Ti,336.122,120328.08,440.45,
GDP12B,59,Ti 336.122,Ti,336.122,120328.08,440.45,
GDP13F,60,Al 308.215,Al,308.215,64212.26,265.25,
GDP13F,60,Al 396.152,Al,396.152,335355.41,1802.16,
GDP13F,60,Be 313.042,Be,313.042,-1936.9,15.96,
GDP13F,60,Be 313.107,Be,313.107,391.84,10.54,
GDP13F,60,Ca 315.887,Ca,315.887,38287.42,92.48,
GDP13F,60,Ca 317.933,Ca,317.933,135838.79,467.98,
GDP13F,60,Fe 238.204,Fe,238.204,216488.9,377.23,
GDP13F,60,Fe 239.563,Fe,239.563,26065.77,64.67,
GDP13F,60,K 404.721,K,404.721,100.75,13.43,
GDP13F,60,K 766.491,K,766.491,101126.87,77.76,
GDP13F,60,Ti 334.941,Ti,334.941,389196.54,1752.83,
GDP13F,60,Ti 336.122,Ti,336.122,194164.89,807.54,
GDP13F,60,Ti 336.122,Ti,336.122,194164.89,807.54,
Blank,61,Al 308.215,Al,308.215,2388.94,16.34,0.00
Blank,61,Al 396.152,Al,396.152,480.14,5.18,0.00
Blank,61,Be 313.042,Be,313.042,-1915.49,23.29,0.00
Blank,61,Be 313.107,Be,313.107,12.12,15.02,0.00
Blank,61,Ca 315.887,Ca,315.887,116.31,11.67,0.00
Blank,61,Ca 317.933,Ca,317.933,941.95,4.48,0.00
Blank,61,Fe 238.204,Fe,238.204,61,7.03,0.00
Blank,61,Fe 239.563,Fe,239.563,18.74,2.21,0.00
Blank,61,K 404.721,K,404.721,27.16,6.37,0.00
Blank,61,K 766.491,K,766.491,135.9,55.12,0.00
Blank,61,Ti 334.941,Ti,334.941,562.97,6.29,0.00
Blank,61,Ti 336.122,Ti,336.122,335.06,15.33,0.00
Blank,61,Ti 336.122,Ti,336.122,335.06,15.33,0.00
Standard 1,62,Al 308.215,Al,308.215,13069.15,48.34,0.98
Standard 1,62,Al 396.152,Al,396.152,58499.54,499.88,0.98
Standard 1,62,Be 313.042,Be,313.042,2799304.89,20246.88,0.98
Standard 1,62,Be 313.107,Be,313.107,1373948.14,9731.63,0.98
Standard 1,62,Ca 315.887,Ca,315.887,9536.11,42.33,0.98
Standard 1,62,Ca 317.933,Ca,317.933,34785.27,67.1,0.98
Standard 1,62,Fe 238.204,Fe,238.204,47228.54,109.3,0.98
Standard 1,62,Fe 239.563,Fe,239.563,5666.86,10.14,0.98
Standard 1,62,K 404.721,K,404.721,18.13,4.93,0.99
Standard 1,62,K 766.491,K,766.491,NaN,NaN,0.99
Standard 1,62,Ti 334.941,Ti,334.941,326074.05,492.48,0.99
Standard 1,62,Ti 336.122,Ti,336.122,162757.6,165.59,0.99
Standard 1,62,Ti 336.122,Ti,336.122,162757.6,165.59,0.99
Standard 2,63,Al 308.215,Al,308.215,56525.63,100.93,4.96
Standard 2,63,Al 396.152,Al,396.152,298978.57,275.86,4.96
Standard 2,63,Be 313.042,Be,313.042,13477406,138342.89,4.95
Standard 2,63,Be 313.107,Be,313.107,6785946.45,68547.64,4.95
Standard 2,63,Ca 315.887,Ca,315.887,47329.37,104.34,4.92
Standard 2,63,Ca 317.933,Ca,317.933,166496.6,410.95,4.92
Standard 2,63,Fe 238.204,Fe,238.204,229215.64,807.29,4.92
Standard 2,63,Fe 239.563,Fe,239.563,27584.67,38.92,4.92
Standard 2,63,K 404.721,K,404.721,87.68,16.79,4.98
Standard 2,63,K 766.491,K,766.491,426515.18,2045.06,4.98
Standard 2,63,Ti 334.941,Ti,334.941,1593594.19,6794.73,4.98
Standard 2,63,Ti 336.122,Ti,336.122,796200.98,3692.78,4.98
Standard 2,63,Ti 336.122,Ti,336.122,796200.98,3692.78,4.98
Standard 3,64,Al 308.215,Al,308.215,104223.63,788.45,9.39
Standard 3,64,Al 396.152,Al,396.152,567250.53,4578.2,9.39
Standard 3,64,Be 313.042,Be,313.042,23869906.68,365780.51,9.37
Standard 3,64,Be 313.107,Be,313.107,12317145.09,181821.7,9.37
Standard 3,64,Ca 315.887,Ca,315.887,87259.47,547.44,9.31
Standard 3,64,Ca 317.933,Ca,317.933,307926.62,1263.39,9.31
Standard 3,64,Fe 238.204,Fe,238.204,420401.47,3633.1,9.31
Standard 3,64,Fe 239.563,Fe,239.563,50622.62,137.44,9.31
Standard 3,64,K 404.721,K,404.721,192.38,17.51,9.42
Standard 3,64,K 766.491,K,766.491,876785.19,703.58,9.42
Standard 3,64,Ti 334.941,Ti,334.941,2942688.58,21486.77,9.42
Standard 3,64,Ti 336.122,Ti,336.122,1473524.89,10630.65,9.42
Standard 3,64,Ti 336.122,Ti,336.122,1473524.89,10630.65,9.42
Standard 4,65,Al 308.215,Al,308.215,217906.05,808.99,19.92
Standard 4,65,Al 396.152,Al,396.152,1199387.55,7342.86,19.92
Standard 4,65,Be 313.042,Be,313.042,NaN,NaN,19.87
Standard 4,65,Be 313.107,Be,313.107,NaN,NaN,19.87
Standard 4,65,Ca 315.887,Ca,315.887,177907.07,390.74,19.76
Standard 4,65,Ca 317.933,Ca,317.933,622107.71,9530.85,19.76
Standard 4,65,Fe 238.204,Fe,238.204,834798.65,5266.64,19.75
Standard 4,65,Fe 239.563,Fe,239.563,102198.95,175.32,19.75
Standard 4,65,K 404.721,K,404.721,533.44,6.71,19.98
Standard 4,65,K 766.491,K,766.491,2011705.06,8874.18,19.98
Standard 4,65,Ti 334.941,Ti,334.941,5895598.4,27450.44,19.99
Standard 4,65,Ti 336.122,Ti,336.122,2987266.56,20347.43,19.99
Standard 4,65,Ti 336.122,Ti,336.122,2987266.56,20347.43,19.99
GDP14,66,Al 308.215,Al,308.215,71872.42,73.3,
GDP14,66,Al 396.152,Al,396.152,376441.66,423.66,
GDP14,66,Be 313.042,Be,313.042,-2211.86,28.81,
GDP14,66,Be 313.107,Be,313.107,386.05,4.49,
GDP14,66,Ca 315.887,Ca,315.887,6590.79,24.81,
GDP14,66,Ca 317.933,Ca,317.933,24565.78,117.48,
GDP14,66,Fe 238.204,Fe,238.204,56685.05,412.5,
GDP14,66,Fe 239.563,Fe,239.563,6752.72,9.51,
GDP14,66,K 404.721,K,404.721,85.47,25.18,
GDP14,66,K 766.491,K,766.491,176485.72,785.46,
GDP14,66,Ti 334.941,Ti,334.941,362925.25,681.2,
GDP14,66,Ti 336.122,Ti,336.122,180968.52,344.23,
GDP14,66,Ti 336.122,Ti,336.122,180968.52,344.23,
GDP15,67,Al 308.215,Al,308.215,63500.91,321.91,
GDP15,67,Al 396.152,Al,396.152,330789.97,2500.43,
GDP15,67,Be 313.042,Be,313.042,-2210.6,7.63,
GDP15,67,Be 313.107,Be,313.107,349.72,8.21,
GDP15,67,Ca 315.887,Ca,315.887,8844.75,19.71,
GDP15,67,Ca 317.933,Ca,317.933,32594.64,98.39,
GDP15,67,Fe 238.204,Fe,238.204,51109.5,142.25,
GDP15,67,Fe 239.563,Fe,239.563,6111.65,7.96,
GDP15,67,K 404.721,K,404.721,121.71,8.18,
GDP15,67,K 766.491,K,766.491,165285.51,764.49,
GDP15,67,Ti 334.941,Ti,334.941,349427.13,1698.36,
GDP15,67,Ti 336.122,Ti,336.122,174169.18,837.52,
GDP15,67,Ti 336.122,Ti,336.122,174169.18,837.52,
GDP17,68,Al 308.215,Al,308.215,62982.54,518.25,
GDP17,68,Al 396.152,Al,396.152,328762.06,3280.03,
GDP17,68,Be 313.042,Be,313.042,-2313.2,7.67,
GDP17,68,Be 313.107,Be,313.107,246,14.45,
GDP17,68,Ca 315.887,Ca,315.887,8298.29,30.67,
GDP17,68,Ca 317.933,Ca,317.933,30648.98,153.32,
GDP17,68,Fe 238.204,Fe,238.204,56961.22,387.21,
GDP17,68,Fe 239.563,Fe,239.563,6816.55,42.09,
GDP17,68,K 404.721,K,404.721,122.14,24.39,
GDP17,68,K 766.491,K,766.491,167671.72,983.57,
GDP17,68,Ti 334.941,Ti,334.941,364404.07,1227.95,
GDP17,68,Ti 336.122,Ti,336.122,181758.96,576.41,
GDP17,68,Ti 336.122,Ti,336.122,181758.96,576.41,
GDP18,69,Al 308.215,Al,308.215,94533.07,468.53,
GDP18,69,Al 396.152,Al,396.152,501462.2,3586.09,
GDP18,69,Be 313.042,Be,313.042,-1977.51,12.84,
GDP18,69,Be 313.107,Be,313.107,403.33,10.91,
GDP18,69,Ca 315.887,Ca,315.887,10164.76,62.85,
GDP18,69,Ca 317.933,Ca,317.933,37128.92,110.19,
GDP18,69,Fe 238.204,Fe,238.204,68700.07,136.49,
GDP18,69,Fe 239.563,Fe,239.563,8195.12,15.81,
GDP18,69,K 404.721,K,404.721,108.79,29.39,
GDP18,69,K 766.491,K,766.491,220372.21,1563.73,
GDP18,69,Ti 334.941,Ti,334.941,599231.26,6132.17,
GDP18,69,Ti 336.122,Ti,336.122,301243.61,925.88,
GDP18,69,Ti 336.122,Ti,336.122,301243.61,925.88,
GDP24,70,Al 308.215,Al,308.215,86263.93,472.58,
GDP24,70,Al 396.152,Al,396.152,458058.15,2276.98,
GDP24,70,Be 313.042,Be,313.042,-2259.82,8.82,
GDP24,70,Be 313.107,Be,313.107,396.91,10.07,
GDP24,70,Ca 315.887,Ca,315.887,4957.87,24.42,
GDP24,70,Ca 317.933,Ca,317.933,18800.22,91.71,
GDP24,70,Fe 238.204,Fe,238.204,42228.18,347.63,
GDP24,70,Fe 239.563,Fe,239.563,5083.2,22.09,
GDP24,70,K 404.721,K,404.721,148.74,22.43,
GDP24,70,K 766.491,K,766.491,213849.15,1122.87,
GDP24,70,Ti 334.941,Ti,334.941,439283.47,1534.45,
GDP24,70,Ti 336.122,Ti,336.122,219309.05,716.63,
GDP24,70,Ti 336.122,Ti,336.122,219309.05,716.63,
GDP25F,71,Al 308.215,Al,308.215,87221.79,388.11,
GDP25F,71,Al 396.152,Al,396.152,461328.71,4554.62,
GDP25F,71,Be 313.042,Be,313.042,-2248.93,61.02,
GDP25F,71,Be 313.107,Be,313.107,470.73,31.42,
GDP25F,71,Ca 315.887,Ca,315.887,5426.11,17.34,
GDP25F,71,Ca 317.933,Ca,317.933,20475.15,87.42,
GDP25F,71,Fe 238.204,Fe,238.204,48199.15,159.44,
GDP25F,71,Fe 239.563,Fe,239.563,5797.5,19.11,
GDP25F,71,K 404.721,K,404.721,123.84,8.3,
GDP25F,71,K 766.491,K,766.491,201239.96,1003.18,
GDP25F,71,Ti 334.941,Ti,334.941,488752.62,2417.28,
GDP25F,71,Ti 336.122,Ti,336.122,246386.53,736.18,
GDP25F,71,Ti 336.122,Ti,336.122,246386.53,736.18,
GDP26,72,Al 308.215,Al,308.215,102999.47,386.5,
GDP26,72,Al 396.152,Al,396.152,543476.75,955.28,
GDP26,72,Be 313.042,Be,313.042,-483.31,17.73,
GDP26,72,Be 313.107,Be,313.107,370.81,13.06,
GDP26,72,Ca 315.887,Ca,315.887,9095.11,25.08,
GDP26,72,Ca 317.933,Ca,317.933,33383.59,72.79,
GDP26,72,Fe 238.204,Fe,238.204,66775.41,113.69,
GDP26,72,Fe 239.563,Fe,239.563,7995.65,18.16,
GDP26,72,K 404.721,K,404.721,180.97,10.58,
GDP26,72,K 766.491,K,766.491,236405.05,524.36,
GDP26,72,Ti 334.941,Ti,334.941,573074.01,3978.38,
GDP26,72,Ti 336.122,Ti,336.122,289573.62,884.1,
GDP26,72,Ti 336.122,Ti,336.122,289573.62,884.1,
GDP32,73,Al 308.215,Al,308.215,100337.65,963.56,
GDP32,73,Al 396.152,Al,396.152,528352.9,8403.57,
GDP32,73,Be 313.042,Be,313.042,-1711.37,39.11,
GDP32,73,Be 313.107,Be,313.107,483.34,17.85,
GDP32,73,Ca 315.887,Ca,315.887,10013.82,29.74,
GDP32,73,Ca 317.933,Ca,317.933,36546.66,14.14,
GDP32,73,Fe 238.204,Fe,238.204,73175.67,131.41,
GDP32,73,Fe 239.563,Fe,239.563,8762.7,19.1,
GDP32,73,K 404.721,K,404.721,127.19,10.67,
GDP32,73,K 766.491,K,766.491,226195.84,2825.44,
GDP32,73,Ti 334.941,Ti,334.941,391927.49,1620.4,
GDP32,73,Ti 336.122,Ti,336.122,195505.75,763.06,
GDP32,73,Ti 336.122,Ti,336.122,195505.75,763.06,
GDP43,74,Al 308.215,Al,308.215,41860.27,200.6,
GDP43,74,Al 396.152,Al,396.152,213034.15,1028.35,
GDP43,74,Be 313.042,Be,313.042,-1084.16,22.27,
GDP43,74,Be 313.107,Be,313.107,254.26,9.47,
GDP43,74,Ca 315.887,Ca,315.887,32784.04,87.94,
GDP43,74,Ca 317.933,Ca,317.933,115650.74,243.2,
GDP43,74,Fe 238.204,Fe,238.204,55369.64,199.86,
GDP43,74,Fe 239.563,Fe,239.563,6655.85,15.87,
GDP43,74,K 404.721,K,404.721,66.71,21.77,
GDP43,74,K 766.491,K,766.491,76307.61,212.71,
GDP43,74,Ti 334.941,Ti,334.941,179574.11,464.25,
GDP43,74,Ti 336.122,Ti,336.122,89700.36,247.88,
GDP43,74,Ti 336.122,Ti,336.122,89700.36,247.88,
GDP1BD,75,Al 308.215,Al,308.215,98893.03,446.82,
GDP1BD,75,Al 396.152,Al,396.152,523710.38,5364.32,
GDP1BD,75,Be 313.042,Be,313.042,119.2,7.29,
GDP1BD,75,Be 313.107,Be,313.107,311.83,15.59,
GDP1BD,75,Ca 315.887,Ca,315.887,18325.94,84.28,
GDP1BD,75,Ca 317.933,Ca,317.933,66081.24,77.68,
GDP1BD,75,Fe 238.204,Fe,238.204,240808.77,395.74,
GDP1BD,75,Fe 239.563,Fe,239.563,28969.32,75.95,
GDP1BD,75,K 404.721,K,404.721,90.75,11.71,
GDP1BD,75,K 766.491,K,766.491,229907.16,1187.54,
GDP1BD,75,Ti 334.941,Ti,334.941,185784.85,638.13,
GDP1BD,75,Ti 336.122,Ti,336.122,93133.36,275.45,
GDP1BD,75,Ti 336.122,Ti,336.122,93133.36,275.45,
GDP43BD,76,Al 308.215,Al,308.215,200072.02,1891.19,
GDP43BD,76,Al 396.152,Al,396.152,1069758.02,14761.72,
GDP43BD,76,Be 313.042,Be,313.042,182.53,13.05,
GDP43BD,76,Be 313.107,Be,313.107,1092.29,3.98,
GDP43BD,76,Ca 315.887,Ca,315.887,24464.92,89.42,
GDP43BD,76,Ca 317.933,Ca,317.933,87387.77,34.06,
GDP43BD,76,Fe 238.204,Fe,238.204,135900.14,1051.42,
GDP43BD,76,Fe 239.563,Fe,239.563,16297.41,55.33,
GDP43BD,76,K 404.721,K,404.721,196.3,21.9,
GDP43BD,76,K 766.491,K,766.491,588525.98,10057.96,
GDP43BD,76,Ti 334.941,Ti,334.941,207483.82,1388.72,
GDP43BD,76,Ti 336.122,Ti,336.122,103712.37,665.06,
GDP43BD,76,Ti 336.122,Ti,336.122,103712.37,665.06,
C15.8,77,Al 308.215,Al,308.215,48897.67,419.56,
C15.8,77,Al 396.152,Al,396.152,254296.28,2546.57,
C15.8,77,Be 313.042,Be,313.042,5812.07,43.08,
C15.8,77,Be 313.107,Be,313.107,3055.47,32.88,
C15.8,77,Ca 315.887,Ca,315.887,2968.18,12.81,
C15.8,77,Ca 317.933,Ca,317.933,11836.38,15.01,
C15.8,77,Fe 238.204,Fe,238.204,10577.85,45.36,
C15.8,77,Fe 239.563,Fe,239.563,1276.47,9.34,
C15.8,77,K 404.721,K,404.721,35.31,19.17,
C15.8,77,K 766.491,K,766.491,20568.83,186.11,
C15.8,77,Ti 334.941,Ti,334.941,403272.93,1244.16,
C15.8,77,Ti 336.122,Ti,336.122,200857.63,694.4,
C15.8,77,Ti 336.122,Ti,336.122,200857.63,694.4,
C15.9,78,Al 308.215,Al,308.215,50475.58,664.72,
C15.9,78,Al 396.152,Al,396.152,262359.38,5636.47,
C15.9,78,Be 313.042,Be,313.042,4824.68,35.35,
C15.9,78,Be 313.107,Be,313.107,2975.25,12.97,
C15.9,78,Ca 315.887,Ca,315.887,51423.91,192.58,
C15.9,78,Ca 317.933,Ca,317.933,181706.89,427.24,
C15.9,78,Fe 238.204,Fe,238.204,17523.76,87.62,
C15.9,78,Fe 239.563,Fe,239.563,2091.86,19.18,
C15.9,78,K 404.721,K,404.721,68.45,12.09,
C15.9,78,K 766.491,K,766.491,19487.61,337.51,
C15.9,78,Ti 334.941,Ti,334.941,353943.79,1673.77,
C15.9,78,Ti 336.122,Ti,336.122,176336.25,894.61,
C15.9,78,Ti 336.122,Ti,336.122,176336.25,894.61,
C15.10,79,Al 308.215,Al,308.215,38531.22,679.29,
C15.10,79,Al 396.152,Al,396.152,196658.95,4556.21,
C15.10,79,Be 313.042,Be,313.042,2391.29,184.33,
C15.10,79,Be 313.107,Be,313.107,1958.88,47.46,
C15.10,79,Ca 315.887,Ca,315.887,2356.15,11.37,
C15.10,79,Ca 317.933,Ca,317.933,9676.57,19.35,
C15.10,79,Fe 238.204,Fe,238.204,25222.59,72.57,
C15.10,79,Fe 239.563,Fe,239.563,3030.06,25.15,
C15.10,79,K 404.721,K,404.721,56.71,9.79,
C15.10,79,K 766.491,K,766.491,29794.08,471.17,
C15.10,79,Ti 334.941,Ti,334.941,329585.18,1031.08,
C15.10,79,Ti 336.122,Ti,336.122,164179.78,591.07,
C15.10,79,Ti 336.122,Ti,336.122,164179.78,591.07,
LB15.3,80,Al 308.215,Al,308.215,28006.11,237.17,
LB15.3,80,Al 396.152,Al,396.152,139532.13,1677.38,
LB15.3,80,Be 313.042,Be,313.042,-586.63,9.74,
LB15.3,80,Be 313.107,Be,313.107,57.4,8.89,
LB15.3,80,Ca 315.887,Ca,315.887,6137.07,10.68,
LB15.3,80,Ca 317.933,Ca,317.933,23011.69,63.07,
LB15.3,80,Fe 238.204,Fe,238.204,10842.48,138.97,
LB15.3,80,Fe 239.563,Fe,239.563,1304.55,6.34,
LB15.3,80,K 404.721,K,404.721,46.62,10.51,
LB15.3,80,K 766.491,K,766.491,21883.49,287.66,
LB15.3,80,Ti 334.941,Ti,334.941,421350.24,1405.07,
LB15.3,80,Ti 336.122,Ti,336.122,210042.75,651.28,
LB15.3,80,Ti 336.122,Ti,336.122,210042.75,651.28,
LB15.4,81,Al 308.215,Al,308.215,60118.55,687.77,
LB15.4,81,Al 396.152,Al,396.152,314463.01,5588.48,
LB15.4,81,Be 313.042,Be,313.042,-2003.63,27.72,
LB15.4,81,Be 313.107,Be,313.107,262.3,22.13,
LB15.4,81,Ca 315.887,Ca,315.887,9719.88,17.25,
LB15.4,81,Ca 317.933,Ca,317.933,35636.2,66.29,
LB15.4,81,Fe 238.204,Fe,238.204,12649.82,35.67,
LB15.4,81,Fe 239.563,Fe,239.563,1533.42,5.56,
LB15.4,81,K 404.721,K,404.721,38.38,5.8,
LB15.4,81,K 766.491,K,766.491,20564.86,152.1,
LB15.4,81,Ti 334.941,Ti,334.941,457098.91,536.18,
LB15.4,81,Ti 336.122,Ti,336.122,227380.17,223.04,
LB15.4,81,Ti 336.122,Ti,336.122,227380.17,223.04,
LB15.5,82,Al 308.215,Al,308.215,51993.47,226.61,
LB15.5,82,Al 396.152,Al,396.152,270304.41,2754.23,
LB15.5,82,Be 313.042,Be,313.042,-2065.16,14.47,
LB15.5,82,Be 313.107,Be,313.107,134.29,11.84,
LB15.5,82,Ca 315.887,Ca,315.887,12076.4,61.38,
LB15.5,82,Ca 317.933,Ca,317.933,43829.75,208.24,
LB15.5,82,Fe 238.204,Fe,238.204,24898.05,63.6,
LB15.5,82,Fe 239.563,Fe,239.563,2989.71,7.29,
LB15.5,82,K 404.721,K,404.721,28.78,4.95,
LB15.5,82,K 766.491,K,766.491,30266.22,282.05,
LB15.5,82,Ti 334.941,Ti,334.941,306964.48,760.18,
LB15.5,82,Ti 336.122,Ti,336.122,153006.37,432.37,
LB15.5,82,Ti 336.122,Ti,336.122,153006.37,432.37,
LB15.6,83,Al 308.215,Al,308.215,44460.24,333.85,
LB15.6,83,Al 396.152,Al,396.152,229352.88,2078.35,
LB15.6,83,Be 313.042,Be,313.042,-539.13,26.2,
LB15.6,83,Be 313.107,Be,313.107,146.65,21.26,
LB15.6,83,Ca 315.887,Ca,315.887,4965.17,3.99,
LB15.6,83,Ca 317.933,Ca,317.933,18815.47,38.35,
LB15.6,83,Fe 238.204,Fe,238.204,4560.95,4.22,
LB15.6,83,Fe 239.563,Fe,239.563,550.08,6.15,
LB15.6,83,K 404.721,K,404.721,35.13,14.46,
LB15.6,83,K 766.491,K,766.491,12018.4,71.42,
LB15.6,83,Ti 334.941,Ti,334.941,299894.31,180.16,
LB15.6,83,Ti 336.122,Ti,336.122,149358.38,178.45,
LB15.6,83,Ti 336.122,Ti,336.122,149358.38,178.45,
LB15.7,84,Al 308.215,Al,308.215,38030.21,137.69,
LB15.7,84,Al 396.152,Al,396.152,193233.75,1644.34,
LB15.7,84,Be 313.042,Be,313.042,-2466.83,28.93,
LB15.7,84,Be 313.107,Be,313.107,30.86,22.83,
LB15.7,84,Ca 315.887,Ca,315.887,5322.37,15.13,
LB15.7,84,Ca 317.933,Ca,317.933,20010.88,92.11,
LB15.7,84,Fe 238.204,Fe,238.204,7154.67,8.56,
LB15.7,84,Fe 239.563,Fe,239.563,869.67,2.36,
LB15.7,84,K 404.721,K,404.721,27.42,13.28,
LB15.7,84,K 766.491,K,766.491,13900.73,126.38,
LB15.7,84,Ti 334.941,Ti,334.941,318991.01,358.01,
LB15.7,84,Ti 336.122,Ti,336.122,158961.32,260.75,
LB15.7,84,Ti 336.122,Ti,336.122,158961.32,260.75,
GCFG1703Al,85,Al 308.215,Al,308.215,40326.47,336.09,
GCFG1703Al,85,Al 396.152,Al,396.152,202721.04,2746.94,
GCFG1703Al,85,Be 313.042,Be,313.042,2076838.18,38358.94,
GCFG1703Al,85,Be 313.107,Be,313.107,1019880.38,18873.22,
GCFG1703Al,85,Ca 315.887,Ca,315.887,715.29,9.76,
GCFG1703Al,85,Ca 317.933,Ca,317.933,3636.57,11.53,
GCFG1703Al,85,Fe 238.204,Fe,238.204,34169.46,128.63,
GCFG1703Al,85,Fe 239.563,Fe,239.563,4089.84,12.9,
GCFG1703Al,85,K 404.721,K,404.721,26.59,10.48,
GCFG1703Al,85,K 766.491,K,766.491,6749.6,33.87,
GCFG1703Al,85,Ti 334.941,Ti,334.941,3512.74,15.76,
GCFG1703Al,85,Ti 336.122,Ti,336.122,1806.06,25.11,
GCFG1703Al,85,Ti 336.122,Ti,336.122,1806.06,25.11,
CoQTZ6Al,86,Al 308.215,Al,308.215,51145.53,154.78,
CoQTZ6Al,86,Al 396.152,Al,396.152,261492.94,935.41,
CoQTZ6Al,86,Be 313.042,Be,313.042,2519186.66,18731.72,
CoQTZ6Al,86,Be 313.107,Be,313.107,1239008.46,8497.64,
CoQTZ6Al,86,Ca 315.887,Ca,315.887,529.92,10.64,
CoQTZ6Al,86,Ca 317.933,Ca,317.933,2924.16,10.76,
CoQTZ6Al,86,Fe 238.204,Fe,238.204,52462.44,98.43,
CoQTZ6Al,86,Fe 239.563,Fe,239.563,6292.57,17.73,
CoQTZ6Al,86,K 404.721,K,404.721,27,13.22,
CoQTZ6Al,86,K 766.491,K,766.491,1848.18,63.36,
CoQTZ6Al,86,Ti 334.941,Ti,334.941,53580.24,153.73,
CoQTZ6Al,86,Ti 336.122,Ti,336.122,26903.09,39.29,
CoQTZ6Al,86,Ti 336.122,Ti,336.122,26903.09,39.29,
17CJ01Al,87,Al 308.215,Al,308.215,38269.58,187.39,
17CJ01Al,87,Al 396.152,Al,396.152,192584.7,882.57,
17CJ01Al,87,Be 313.042,Be,313.042,1225031.14,4763.53,
17CJ01Al,87,Be 313.107,Be,313.107,600002.12,2953.79,
17CJ01Al,87,Ca 315.887,Ca,315.887,14132.22,65.09,
17CJ01Al,87,Ca 317.933,Ca,317.933,51226.25,121.4,
17CJ01Al,87,Fe 238.204,Fe,238.204,72528.06,207.6,
17CJ01Al,87,Fe 239.563,Fe,239.563,8689.54,47.72,
17CJ01Al,87,K 404.721,K,404.721,61.39,12.73,
17CJ01Al,87,K 766.491,K,766.491,47622.55,300.47,
17CJ01Al,87,Ti 334.941,Ti,334.941,144319.58,673.43,
17CJ01Al,87,Ti 336.122,Ti,336.122,72563.06,176.05,
17CJ01Al,87,Ti 336.122,Ti,336.122,72563.06,176.05,
17MAB04Al,88,Al 308.215,Al,308.215,38152.23,383.38,
17MAB04Al,88,Al 396.152,Al,396.152,192302.35,2150.16,
17MAB04Al,88,Be 313.042,Be,313.042,1172618.36,8018.71,
17MAB04Al,88,Be 313.107,Be,313.107,574734.05,4071.18,
17MAB04Al,88,Ca 315.887,Ca,315.887,21357.05,59,
17MAB04Al,88,Ca 317.933,Ca,317.933,76362.93,128.55,
17MAB04Al,88,Fe 238.204,Fe,238.204,106880.18,94.53,
17MAB04Al,88,Fe 239.563,Fe,239.563,12845.76,33,
17MAB04Al,88,K 404.721,K,404.721,28.87,15.03,
17MAB04Al,88,K 766.491,K,766.491,68342.96,752.7,
17MAB04Al,88,Ti 334.941,Ti,334.941,143164.99,1141.68,
17MAB04Al,88,Ti 336.122,Ti,336.122,72491.48,276.89,
17MAB04Al,88,Ti 336.122,Ti,336.122,72491.48,276.89,
17MFE01Al,89,Al 308.215,Al,308.215,39489.17,122.36,
17MFE01Al,89,Al 396.152,Al,396.152,199311.26,2031.45,
17MFE01Al,89,Be 313.042,Be,313.042,1327055.16,26907.21,
17MFE01Al,89,Be 313.107,Be,313.107,649233.89,13310.84,
17MFE01Al,89,Ca 315.887,Ca,315.887,2582.84,22.93,
17MFE01Al,89,Ca 317.933,Ca,317.933,10395.98,9.29,
17MFE01Al,89,Fe 238.204,Fe,238.204,50889.59,265.31,
17MFE01Al,89,Fe 239.563,Fe,239.563,6098.45,15.46,
17MFE01Al,89,K 404.721,K,404.721,33.68,30.25,
17MFE01Al,89,K 766.491,K,766.491,26119.98,139.87,
17MFE01Al,89,Ti 334.941,Ti,334.941,402041.77,702.84,
17MFE01Al,89,Ti 336.122,Ti,336.122,200789.5,323.74,
17MFE01Al,89,Ti 336.122,Ti,336.122,200789.5,323.74,
17MFM01Al,90,Al 308.215,Al,308.215,45442.45,322.34,
17MFM01Al,90,Al 396.152,Al,396.152,232233.55,3040.45,
17MFM01Al,90,Be 313.042,Be,313.042,1748212.13,16018.06,
17MFM01Al,90,Be 313.107,Be,313.107,857908.54,7524.57,
17MFM01Al,90,Ca 315.887,Ca,315.887,11773.26,19.74,
17MFM01Al,90,Ca 317.933,Ca,317.933,42880.44,112.51,
17MFM01Al,90,Fe 238.204,Fe,238.204,38529.09,132.94,
17MFM01Al,90,Fe 239.563,Fe,239.563,4614.62,27.04,
17MFM01Al,90,K 404.721,K,404.721,60.82,23.67,
17MFM01Al,90,K 766.491,K,766.491,37031.05,283.71,
17MFM01Al,90,Ti 334.941,Ti,334.941,578957.91,2701.9,
17MFM01Al,90,Ti 336.122,Ti,336.122,291572.82,1405.37,
17MFM01Al,90,Ti 336.122,Ti,336.122,291572.82,1405.37,
Blank,91,Al 308.215,Al,308.215,2298.17,6.34,0.00
Blank,91,Al 396.152,Al,396.152,480.72,10.49,0.00
Blank,91,Be 313.042,Be,313.042,-2041.17,29.13,0.00
Blank,91,Be 313.107,Be,313.107,-0.04,11.42,0.00
Blank,91,Ca 315.887,Ca,315.887,134.9,12.59,0.00
Blank,91,Ca 317.933,Ca,317.933,993.26,7.22,0.00
Blank,91,Fe 238.204,Fe,238.204,67.38,5.9,0.00
Blank,91,Fe 239.563,Fe,239.563,19.33,4.52,0.00
Blank,91,K 404.721,K,404.721,37.81,17.04,0.00
Blank,91,K 766.491,K,766.491,144.43,19.13,0.00
Blank,91,Ti 334.941,Ti,334.941,567.75,19.8,0.00
Blank,91,Ti 336.122,Ti,336.122,349.13,3.61,0.00
Blank,91,Ti 336.122,Ti,336.122,349.13,3.61,0.00
Standard 1,92,Al 308.215,Al,308.215,13312.21,29.64,0.98
Standard 1,92,Al 396.152,Al,396.152,59763.02,298.32,0.98
Standard 1,92,Be 313.042,Be,313.042,2925122.44,34893.64,0.98
Standard 1,92,Be 313.107,Be,313.107,1438252.03,18525.38,0.98
Standard 1,92,Ca 315.887,Ca,315.887,9957.62,4.54,0.98
Standard 1,92,Ca 317.933,Ca,317.933,36198.89,39.21,0.98
Standard 1,92,Fe 238.204,Fe,238.204,48296.86,121.92,0.98
Standard 1,92,Fe 239.563,Fe,239.563,5846.29,18.96,0.98
Standard 1,92,K 404.721,K,404.721,23.77,13.49,0.99
Standard 1,92,K 766.491,K,766.491,NaN,NaN,0.99
Standard 1,92,Ti 334.941,Ti,334.941,333206.69,561.17,0.99
Standard 1,92,Ti 336.122,Ti,336.122,166470.73,268.33,0.99
Standard 1,92,Ti 336.122,Ti,336.122,166470.73,268.33,0.99
Standard 2,93,Al 308.215,Al,308.215,56611.37,81.42,4.96
Standard 2,93,Al 396.152,Al,396.152,299328.09,1048.17,4.96
Standard 2,93,Be 313.042,Be,313.042,13995542.46,153003.2,4.95
Standard 2,93,Be 313.107,Be,313.107,7060221.87,68474.22,4.95
Standard 2,93,Ca 315.887,Ca,315.887,49034.4,59.18,4.92
Standard 2,93,Ca 317.933,Ca,317.933,172951,168.11,4.92
Standard 2,93,Fe 238.204,Fe,238.204,234832.13,1897.66,4.92
Standard 2,93,Fe 239.563,Fe,239.563,28289.21,64.9,4.92
Standard 2,93,K 404.721,K,404.721,78.85,31.23,4.98
Standard 2,93,K 766.491,K,766.491,424696.58,930.21,4.98
Standard 2,93,Ti 334.941,Ti,334.941,1623487.97,6495.6,4.98
Standard 2,93,Ti 336.122,Ti,336.122,812408.07,3409.44,4.98
Standard 2,93,Ti 336.122,Ti,336.122,812408.07,3409.44,4.98
Standard 3,94,Al 308.215,Al,308.215,104282.58,213.34,9.39
Standard 3,94,Al 396.152,Al,396.152,564073.27,4316.11,9.39
Standard 3,94,Be 313.042,Be,313.042,24903096.28,828839.03,9.37
Standard 3,94,Be 313.107,Be,313.107,12876783.93,425912.23,9.37
Standard 3,94,Ca 315.887,Ca,315.887,90865.46,244.46,9.31
Standard 3,94,Ca 317.933,Ca,317.933,321445.1,956.95,9.31
Standard 3,94,Fe 238.204,Fe,238.204,431866.37,2211.93,9.31
Standard 3,94,Fe 239.563,Fe,239.563,52257.22,168.41,9.31
Standard 3,94,K 404.721,K,404.721,208.63,24.68,9.42
Standard 3,94,K 766.491,K,766.491,874395.81,4624.71,9.42
Standard 3,94,Ti 334.941,Ti,334.941,2997554.03,4472.73,9.42
Standard 3,94,Ti 336.122,Ti,336.122,1500227.8,1906.87,9.42
Standard 3,94,Ti 336.122,Ti,336.122,1500227.8,1906.87,9.42
Standard 4,95,Al 308.215,Al,308.215,219522.89,1823.58,19.92
Standard 4,95,Al 396.152,Al,396.152,1213563.34,20912.73,19.92
Standard 4,95,Be 313.042,Be,313.042,NaN,NaN,19.87
Standard 4,95,Be 313.107,Be,313.107,NaN,NaN,19.87
Standard 4,95,Ca 315.887,Ca,315.887,185461.55,823.45,19.76
Standard 4,95,Ca 317.933,Ca,317.933,655006.92,5079.22,19.76
Standard 4,95,Fe 238.204,Fe,238.204,865328.31,5935.34,19.75
Standard 4,95,Fe 239.563,Fe,239.563,104796.67,212.35,19.75
Standard 4,95,K 404.721,K,404.721,539.79,35.21,19.98
Standard 4,95,K 766.491,K,766.491,2016349.83,10918.09,19.98
Standard 4,95,Ti 334.941,Ti,334.941,6016086.63,50948.5,19.99
Standard 4,95,Ti 336.122,Ti,336.122,3036400.05,24394.14,19.99
Standard 4,95,Ti 336.122,Ti,336.122,3036400.05,24394.14,19.99
17MFM02Al,96,Al 308.215,Al,308.215,46976.99,64.96,
17MFM02Al,96,Al 396.152,Al,396.152,239936.21,642.99,
17MFM02Al,96,Be 313.042,Be,313.042,1790137.01,13961.18,
17MFM02Al,96,Be 313.107,Be,313.107,878890.6,7363.93,
17MFM02Al,96,Ca 315.887,Ca,315.887,8287.35,25.36,
17MFM02Al,96,Ca 317.933,Ca,317.933,30531.79,112.67,
17MFM02Al,96,Fe 238.204,Fe,238.204,10256.21,103.69,
17MFM02Al,96,Fe 239.563,Fe,239.563,1242.46,1.11,
17MFM02Al,96,K 404.721,K,404.721,37.67,9.13,
17MFM02Al,96,K 766.491,K,766.491,32422.37,153.18,
17MFM02Al,96,Ti 334.941,Ti,334.941,580539.03,1156.39,
17MFM02Al,96,Ti 336.122,Ti,336.122,292165.76,415.27,
17MFM02Al,96,Ti 336.122,Ti,336.122,292165.76,415.27,
17MFM03Al,97,Al 308.215,Al,308.215,41847.45,366.92,
17MFM03Al,97,Al 396.152,Al,396.152,211538.18,2730.98,
17MFM03Al,97,Be 313.042,Be,313.042,1403162.11,6797.78,
17MFM03Al,97,Be 313.107,Be,313.107,686741.4,2798.35,
17MFM03Al,97,Ca 315.887,Ca,315.887,6989.59,29.17,
17MFM03Al,97,Ca 317.933,Ca,317.933,25981.35,47.14,
17MFM03Al,97,Fe 238.204,Fe,238.204,13223.18,46.83,
17MFM03Al,97,Fe 239.563,Fe,239.563,1592.71,2.2,
17MFM03Al,97,K 404.721,K,404.721,57.58,36.99,
17MFM03Al,97,K 766.491,K,766.491,46903.34,314.06,
17MFM03Al,97,Ti 334.941,Ti,334.941,342968.3,867.12,
17MFM03Al,97,Ti 336.122,Ti,336.122,171206.04,545.83,
17MFM03Al,97,Ti 336.122,Ti,336.122,171206.04,545.83,
17MFM06Al,98,Al 308.215,Al,308.215,42699.08,605.93,
17MFM06Al,98,Al 396.152,Al,396.152,217101.71,4177.74,
17MFM06Al,98,Be 313.042,Be,313.042,1660977.2,31385.04,
17MFM06Al,98,Be 313.107,Be,313.107,814013.18,14443.73,
17MFM06Al,98,Ca 315.887,Ca,315.887,20793.75,30.83,
17MFM06Al,98,Ca 317.933,Ca,317.933,74494.9,219.62,
17MFM06Al,98,Fe 238.204,Fe,238.204,26687.72,172.19,
17MFM06Al,98,Fe 239.563,Fe,239.563,3204.9,16.76,
17MFM06Al,98,K 404.721,K,404.721,41.5,14.93,
17MFM06Al,98,K 766.491,K,766.491,35507.63,693.71,
17MFM06Al,98,Ti 334.941,Ti,334.941,359943.58,2284.32,
17MFM06Al,98,Ti 336.122,Ti,336.122,179668.12,1246.8,
17MFM06Al,98,Ti 336.122,Ti,336.122,179668.12,1246.8,
CFG1,99,Al 308.215,Al,308.215,13413.8,37.5,
CFG1,99,Al 396.152,Al,396.152,60093.6,445.71,
CFG1,99,Be 313.042,Be,313.042,2894824.18,18835.39,
CFG1,99,Be 313.107,Be,313.107,1423861.26,7478.25,
CFG1,99,Ca 315.887,Ca,315.887,9957.17,51.32,
CFG1,99,Ca 317.933,Ca,317.933,36299.52,138.67,
CFG1,99,Fe 238.204,Fe,238.204,48823.23,50.9,
CFG1,99,Fe 239.563,Fe,239.563,5833.33,15.36,
CFG1,99,K 404.721,K,404.721,43.62,18.17,
CFG1,99,K 766.491,K,766.491,67070.18,640.06,
CFG1,99,Ti 334.941,Ti,334.941,333789.2,1550.42,
CFG1,99,Ti 336.122,Ti,336.122,166611.03,710.86,
CFG1,99,Ti 336.122,Ti,336.122,166611.03,710.86,
17MH01Al,100,Al 308.215,Al,308.215,52444.61,451.99,
17MH01Al,100,Al 396.152,Al,396.152,268514.91,2754.52,
17MH01Al,100,Be 313.042,Be,313.042,2394109.56,32137,
17MH01Al,100,Be 313.107,Be,313.107,1176017.54,14713.83,
17MH01Al,100,Ca 315.887,Ca,315.887,3699.65,23.77,
17MH01Al,100,Ca 317.933,Ca,317.933,14338.59,35.9,
17MH01Al,100,Fe 238.204,Fe,238.204,5835.93,31.91,
17MH01Al,100,Fe 239.563,Fe,239.563,709.07,11.69,
17MH01Al,100,K 404.721,K,404.721,49.46,14.29,
17MH01Al,100,K 766.491,K,766.491,16557.75,115.93,
17MH01Al,100,Ti 334.941,Ti,334.941,262250.84,236.15,
17MH01Al,100,Ti 336.122,Ti,336.122,131027.9,138.82,
17MH01Al,100,Ti 336.122,Ti,336.122,131027.9,138.82,
17MH02Al,101,Al 308.215,Al,308.215,52459.1,179.33,
17MH02Al,101,Al 396.152,Al,396.152,268608.39,1190.97,
17MH02Al,101,Be 313.042,Be,313.042,2575392.05,45279.1,
17MH02Al,101,Be 313.107,Be,313.107,1266353.95,21995.56,
17MH02Al,101,Ca 315.887,Ca,315.887,2442.57,9.35,
17MH02Al,101,Ca 317.933,Ca,317.933,9832.65,17.2,
17MH02Al,101,Fe 238.204,Fe,238.204,2784.06,13.89,
17MH02Al,101,Fe 239.563,Fe,239.563,343.48,4.52,
17MH02Al,101,K 404.721,K,404.721,31.43,1.96,
17MH02Al,101,K 766.491,K,766.491,6510.84,76.14,
17MH02Al,101,Ti 334.941,Ti,334.941,49096.19,120.02,
17MH02Al,101,Ti 336.122,Ti,336.122,24694.21,64.78,
17MH02Al,101,Ti 336.122,Ti,336.122,24694.21,64.78,
17MH03Al,102,Al 308.215,Al,308.215,37474.99,93.86,
17MH03Al,102,Al 396.152,Al,396.152,189252.46,695.09,
17MH03Al,102,Be 313.042,Be,313.042,1283351.67,11087.72,
17MH03Al,102,Be 313.107,Be,313.107,629663.86,5068.32,
17MH03Al,102,Ca 315.887,Ca,315.887,10668.97,26.5,
17MH03Al,102,Ca 317.933,Ca,317.933,39055.98,45.78,
17MH03Al,102,Fe 238.204,Fe,238.204,61428.54,218.64,
17MH03Al,102,Fe 239.563,Fe,239.563,7376.57,8.29,
17MH03Al,102,K 404.721,K,404.721,23.31,10.6,
17MH03Al,102,K 766.491,K,766.491,18179.85,94.03,
17MH03Al,102,Ti 334.941,Ti,334.941,900990.33,2910.21,
17MH03Al,102,Ti 336.122,Ti,336.122,454865.12,650.5,
17MH03Al,102,Ti 336.122,Ti,336.122,454865.12,650.5,
GCFG1703Be,103,Al 308.215,Al,308.215,2272.66,21.12,
GCFG1703Be,103,Al 396.152,Al,396.152,529.3,20.25,
GCFG1703Be,103,Be 313.042,Be,313.042,2683882.96,39241.31,
GCFG1703Be,103,Be 313.107,Be,313.107,1323354.28,19374,
GCFG1703Be,103,Ca 315.887,Ca,315.887,199.5,19.53,
GCFG1703Be,103,Ca 317.933,Ca,317.933,1381.17,11.9,
GCFG1703Be,103,Fe 238.204,Fe,238.204,177.91,3.8,
GCFG1703Be,103,Fe 239.563,Fe,239.563,31.65,5.38,
GCFG1703Be,103,K 404.721,K,404.721,24.28,10.54,
GCFG1703Be,103,K 766.491,K,766.491,886.23,94.37,
GCFG1703Be,103,Ti 334.941,Ti,334.941,322.27,21.45,
GCFG1703Be,103,Ti 336.122,Ti,336.122,251,1.96,
GCFG1703Be,103,Ti 336.122,Ti,336.122,251,1.96,
CoQTZ6Be,104,Al 308.215,Al,308.215,2297.19,41.72,
CoQTZ6Be,104,Al 396.152,Al,396.152,637.56,22.96,
CoQTZ6Be,104,Be 313.042,Be,313.042,2718673.99,17467.14,
CoQTZ6Be,104,Be 313.107,Be,313.107,1338393.64,9631.54,
CoQTZ6Be,104,Ca 315.887,Ca,315.887,203.46,11.82,
CoQTZ6Be,104,Ca 317.933,Ca,317.933,1380.71,7.1,
CoQTZ6Be,104,Fe 238.204,Fe,238.204,211.7,7.17,
CoQTZ6Be,104,Fe 239.563,Fe,239.563,35.12,2.03,
CoQTZ6Be,104,K 404.721,K,404.721,31.35,19.75,
CoQTZ6Be,104,K 766.491,K,766.491,2197.71,42.48,
CoQTZ6Be,104,Ti 334.941,Ti,334.941,894.34,13.7,
CoQTZ6Be,104,Ti 336.122,Ti,336.122,511,16.69,
CoQTZ6Be,104,Ti 336.122,Ti,336.122,511,16.69,
17CJ01Be,105,Al 308.215,Al,308.215,2415.51,21.51,
17CJ01Be,105,Al 396.152,Al,396.152,569.75,18.87,
17CJ01Be,105,Be 313.042,Be,313.042,2880164.81,32053.41,
17CJ01Be,105,Be 313.107,Be,313.107,1418809.41,15025.19,
17CJ01Be,105,Ca 315.887,Ca,315.887,201.48,20.44,
17CJ01Be,105,Ca 317.933,Ca,317.933,1359.2,1.89,
17CJ01Be,105,Fe 238.204,Fe,238.204,294.02,12.14,
17CJ01Be,105,Fe 239.563,Fe,239.563,43.53,2.65,
17CJ01Be,105,K 404.721,K,404.721,50.24,20.52,
17CJ01Be,105,K 766.491,K,766.491,102812.78,976.93,
17CJ01Be,105,Ti 334.941,Ti,334.941,994.37,25.8,
17CJ01Be,105,Ti 336.122,Ti,336.122,558.09,5.39,
17CJ01Be,105,Ti 336.122,Ti,336.122,558.09,5.39,
17MAB04Be,106,Al 308.215,Al,308.215,2303.51,12.98,
17MAB04Be,106,Al 396.152,Al,396.152,725.15,19.13,
17MAB04Be,106,Be 313.042,Be,313.042,3102549.59,81692.22,
17MAB04Be,106,Be 313.107,Be,313.107,1530617.27,39983.12,
17MAB04Be,106,Ca 315.887,Ca,315.887,201.84,11.57,
17MAB04Be,106,Ca 317.933,Ca,317.933,1423.78,6.38,
17MAB04Be,106,Fe 238.204,Fe,238.204,210.04,9.26,
17MAB04Be,106,Fe 239.563,Fe,239.563,27.32,4.17,
17MAB04Be,106,K 404.721,K,404.721,80.06,12.46,
17MAB04Be,106,K 766.491,K,766.491,164427.53,683.78,
17MAB04Be,106,Ti 334.941,Ti,334.941,1374.69,7,
17MAB04Be,106,Ti 336.122,Ti,336.122,747.62,32.8,
17MAB04Be,106,Ti 336.122,Ti,336.122,747.62,32.8,
17MFE01Be,107,Al 308.215,Al,308.215,2301.88,20.33,
17MFE01Be,107,Al 396.152,Al,396.152,596.87,16.25,
17MFE01Be,107,Be 313.042,Be,313.042,2768504.83,16277.32,
17MFE01Be,107,Be 313.107,Be,313.107,1366113.54,7996.98,
17MFE01Be,107,Ca 315.887,Ca,315.887,226.34,19.59,
17MFE01Be,107,Ca 317.933,Ca,317.933,1433.95,16.35,
17MFE01Be,107,Fe 238.204,Fe,238.204,185.99,3.69,
17MFE01Be,107,Fe 239.563,Fe,239.563,36.74,7.6,
17MFE01Be,107,K 404.721,K,404.721,51.6,18.4,
17MFE01Be,107,K 766.491,K,766.491,49765.22,405.35,
17MFE01Be,107,Ti 334.941,Ti,334.941,5966.26,6.07,
17MFE01Be,107,Ti 336.122,Ti,336.122,3077.35,19.11,
17MFE01Be,107,Ti 336.122,Ti,336.122,3077.35,19.11,
17MFM01Be,108,Al 308.215,Al,308.215,2410.72,25.88,
17MFM01Be,108,Al 396.152,Al,396.152,546.47,13.4,
17MFM01Be,108,Be 313.042,Be,313.042,2767542.94,17957.72,
17MFM01Be,108,Be 313.107,Be,313.107,1363882.3,11037.84,
17MFM01Be,108,Ca 315.887,Ca,315.887,183.77,11.84,
17MFM01Be,108,Ca 317.933,Ca,317.933,1316.55,5.78,
17MFM01Be,108,Fe 238.204,Fe,238.204,171.51,3.69,
17MFM01Be,108,Fe 239.563,Fe,239.563,31.17,7.45,
17MFM01Be,108,K 404.721,K,404.721,39.57,16.64,
17MFM01Be,108,K 766.491,K,766.491,52328.16,196.1,
17MFM01Be,108,Ti 334.941,Ti,334.941,10172.3,37,
17MFM01Be,108,Ti 336.122,Ti,336.122,5156.74,7.5,
17MFM01Be,108,Ti 336.122,Ti,336.122,5156.74,7.5,
17MFM02Be,109,Al 308.215,Al,308.215,2393.4,13.25,
17MFM02Be,109,Al 396.152,Al,396.152,694.46,13.33,
17MFM02Be,109,Be 313.042,Be,313.042,2789753.38,62504.09,
17MFM02Be,109,Be 313.107,Be,313.107,1373223.57,31042.99,
17MFM02Be,109,Ca 315.887,Ca,315.887,182.48,8.79,
17MFM02Be,109,Ca 317.933,Ca,317.933,1321.78,14,
17MFM02Be,109,Fe 238.204,Fe,238.204,201.16,7.91,
17MFM02Be,109,Fe 239.563,Fe,239.563,33.76,3.36,
17MFM02Be,109,K 404.721,K,404.721,35.44,15.19,
17MFM02Be,109,K 766.491,K,766.491,45707.93,432.06,
17MFM02Be,109,Ti 334.941,Ti,334.941,18032.58,53.39,
17MFM02Be,109,Ti 336.122,Ti,336.122,9087.41,11.39,
17MFM02Be,109,Ti 336.122,Ti,336.122,9087.41,11.39,
17MFM03Be,110,Al 308.215,Al,308.215,2338.57,10.97,
17MFM03Be,110,Al 396.152,Al,396.152,696.35,30.06,
17MFM03Be,110,Be 313.042,Be,313.042,2395371.47,35974.47,
17MFM03Be,110,Be 313.107,Be,313.107,1179968.73,18268.27,
17MFM03Be,110,Ca 315.887,Ca,315.887,200.22,4.19,
17MFM03Be,110,Ca 317.933,Ca,317.933,1357.86,15.92,
17MFM03Be,110,Fe 238.204,Fe,238.204,166.51,7.1,
17MFM03Be,110,Fe 239.563,Fe,239.563,29.52,5.28,
17MFM03Be,110,K 404.721,K,404.721,39.11,4.6,
17MFM03Be,110,K 766.491,K,766.491,82615.58,589.45,
17MFM03Be,110,Ti 334.941,Ti,334.941,7338.41,31.99,
17MFM03Be,110,Ti 336.122,Ti,336.122,3753.59,47.29,
17MFM03Be,110,Ti 336.122,Ti,336.122,3753.59,47.29,
17MFM06Be,111,Al 308.215,Al,308.215,2315.77,21.03,
17MFM06Be,111,Al 396.152,Al,396.152,569.4,25.69,
17MFM06Be,111,Be 313.042,Be,313.042,2919063.58,35649.41,
17MFM06Be,111,Be 313.107,Be,313.107,1439064.9,18432.28,
17MFM06Be,111,Ca 315.887,Ca,315.887,178,8.33,
17MFM06Be,111,Ca 317.933,Ca,317.933,1287.51,1.91,
17MFM06Be,111,Fe 238.204,Fe,238.204,182.14,1.48,
17MFM06Be,111,Fe 239.563,Fe,239.563,27.29,7.1,
17MFM06Be,111,K 404.721,K,404.721,26.18,11.66,
17MFM06Be,111,K 766.491,K,766.491,54825.05,523.33,
17MFM06Be,111,Ti 334.941,Ti,334.941,6766.02,90.9,
17MFM06Be,111,Ti 336.122,Ti,336.122,3475.09,17.57,
17MFM06Be,111,Ti 336.122,Ti,336.122,3475.09,17.57,
17MH01Be,112,Al 308.215,Al,308.215,2286.28,16.54,
17MH01Be,112,Al 396.152,Al,396.152,544.92,17.2,
17MH01Be,112,Be 313.042,Be,313.042,2005013.81,2082.19,
17MH01Be,112,Be 313.107,Be,313.107,986059.11,2070.59,
17MH01Be,112,Ca 315.887,Ca,315.887,171.88,8.46,
17MH01Be,112,Ca 317.933,Ca,317.933,1243.5,5.72,
17MH01Be,112,Fe 238.204,Fe,238.204,164.74,11.4,
17MH01Be,112,Fe 239.563,Fe,239.563,25.45,3.03,
17MH01Be,112,K 404.721,K,404.721,32.74,4.38,
17MH01Be,112,K 766.491,K,766.491,16165.34,132.5,
17MH01Be,112,Ti 334.941,Ti,334.941,4768.25,45.29,
17MH01Be,112,Ti 336.122,Ti,336.122,2477.83,3.62,
17MH01Be,112,Ti 336.122,Ti,336.122,2477.83,3.62,
17MH02Be,113,Al 308.215,Al,308.215,2304.02,42.68,
17MH02Be,113,Al 396.152,Al,396.152,551.03,20.67,
17MH02Be,113,Be 313.042,Be,313.042,2606857.03,37385.83,
17MH02Be,113,Be 313.107,Be,313.107,1283509.49,20102.53,
17MH02Be,113,Ca 315.887,Ca,315.887,194.15,6.52,
17MH02Be,113,Ca 317.933,Ca,317.933,1289.18,10.39,
17MH02Be,113,Fe 238.204,Fe,238.204,293.12,10.17,
17MH02Be,113,Fe 239.563,Fe,239.563,45.24,6.36,
17MH02Be,113,K 404.721,K,404.721,14.55,7.95,
17MH02Be,113,K 766.491,K,766.491,6349.82,28.47,
17MH02Be,113,Ti 334.941,Ti,334.941,648.68,5.14,
17MH02Be,113,Ti 336.122,Ti,336.122,407.04,20.74,
17MH02Be,113,Ti 336.122,Ti,336.122,407.04,20.74,
17MH03Be,114,Al 308.215,Al,308.215,2263.63,5.5,
17MH03Be,114,Al 396.152,Al,396.152,405.9,21.28,
17MH03Be,114,Be 313.042,Be,313.042,2963032.11,36591.89,
17MH03Be,114,Be 313.107,Be,313.107,1459309.92,17275.11,
17MH03Be,114,Ca 315.887,Ca,315.887,89.86,7.55,
17MH03Be,114,Ca 317.933,Ca,317.933,808.6,15.34,
17MH03Be,114,Fe 238.204,Fe,238.204,83.03,8.71,
17MH03Be,114,Fe 239.563,Fe,239.563,20.07,5.93,
17MH03Be,114,K 404.721,K,404.721,46.26,8.62,
17MH03Be,114,K 766.491,K,766.491,37707.28,582.95,
17MH03Be,114,Ti 334.941,Ti,334.941,58717,452.33,
17MH03Be,114,Ti 336.122,Ti,336.122,29462.62,134.6,
17MH03Be,114,Ti 336.122,Ti,336.122,29462.62,134.6,
GBLANKA,115,Al 308.215,Al,308.215,2278.04,16.34,
GBLANKA,115,Al 396.152,Al,396.152,471.48,22.67,
GBLANKA,115,Be 313.042,Be,313.042,-1853.28,53.01,
GBLANKA,115,Be 313.107,Be,313.107,17.93,11.25,
GBLANKA,115,Ca 315.887,Ca,315.887,130.92,1.81,
GBLANKA,115,Ca 317.933,Ca,317.933,951.52,3.02,
GBLANKA,115,Fe 238.204,Fe,238.204,67.8,4.34,
GBLANKA,115,Fe 239.563,Fe,239.563,21.61,7.04,
GBLANKA,115,K 404.721,K,404.721,37.34,16.67,
GBLANKA,115,K 766.491,K,766.491,123.9,40.48,
GBLANKA,115,Ti 334.941,Ti,334.941,570.69,15.16,
GBLANKA,115,Ti 336.122,Ti,336.122,346.29,13.56,
GBLANKA,115,Ti 336.122,Ti,336.122,346.29,13.56,
SP10A,116,Al 308.215,Al,308.215,112556.86,974.36,
SP10A,116,Al 396.152,Al,396.152,590062.72,11339.37,
SP10A,116,Be 313.042,Be,313.042,-1664.43,31.81,
SP10A,116,Be 313.107,Be,313.107,16.19,11.61,
SP10A,116,Ca 315.887,Ca,315.887,355.34,6.5,
SP10A,116,Ca 317.933,Ca,317.933,2148.57,28.31,
SP10A,116,Fe 238.204,Fe,238.204,131.1,8.14,
SP10A,116,Fe 239.563,Fe,239.563,26.54,4.01,
SP10A,116,K 404.721,K,404.721,16.31,2.68,
SP10A,116,K 766.491,K,766.491,204.61,47.77,
SP10A,116,Ti 334.941,Ti,334.941,563.66,20.84,
SP10A,116,Ti 336.122,Ti,336.122,333.02,13.14,
SP10A,116,Ti 336.122,Ti,336.122,333.02,13.14,
SP10B,117,Al 308.215,Al,308.215,111392.58,1406.81,
SP10B,117,Al 396.152,Al,396.152,583906.58,7980.1,
SP10B,117,Be 313.042,Be,313.042,-1724.33,36.8,
SP10B,117,Be 313.107,Be,313.107,14.85,12.92,
SP10B,117,Ca 315.887,Ca,315.887,216.22,8.53,
SP10B,117,Ca 317.933,Ca,317.933,1457.7,17.08,
SP10B,117,Fe 238.204,Fe,238.204,106.16,6.24,
SP10B,117,Fe 239.563,Fe,239.563,20.38,0.85,
SP10B,117,K 404.721,K,404.721,30.11,15.46,
SP10B,117,K 766.491,K,766.491,218.89,65.51,
SP10B,117,Ti 334.941,Ti,334.941,557,4,
SP10B,117,Ti 336.122,Ti,336.122,346.83,25.22,
SP10B,117,Ti 336.122,Ti,336.122,346.83,25.22,
SP10C,118,Al 308.215,Al,308.215,111568.91,147.13,
SP10C,118,Al 396.152,Al,396.152,585840.01,4430.08,
SP10C,118,Be 313.042,Be,313.042,-2309.45,87.62,
SP10C,118,Be 313.107,Be,313.107,38.29,39.8,
SP10C,118,Ca 315.887,Ca,315.887,238.79,12.08,
SP10C,118,Ca 317.933,Ca,317.933,1565.82,20.32,
SP10C,118,Fe 238.204,Fe,238.204,199.17,4.36,
SP10C,118,Fe 239.563,Fe,239.563,38.31,3.95,
SP10C,118,K 404.721,K,404.721,33.18,24.61,
SP10C,118,K 766.491,K,766.491,211.03,92.86,
SP10C,118,Ti 334.941,Ti,334.941,574.82,16.09,
SP10C,118,Ti 336.122,Ti,336.122,342.86,22.57,
SP10C,118,Ti 336.122,Ti,336.122,342.86,22.57,
SP20A,119,Al 308.215,Al,308.215,220559.31,453.94,
SP20A,119,Al 396.152,Al,396.152,1171067.7,6034.91,
SP20A,119,Be 313.042,Be,313.042,-1195.76,27.02,
SP20A,119,Be 313.107,Be,313.107,23.38,16.54,
SP20A,119,Ca 315.887,Ca,315.887,142.01,13.67,
SP20A,119,Ca 317.933,Ca,317.933,1165.71,24.47,
SP20A,119,Fe 238.204,Fe,238.204,160.41,11.02,
SP20A,119,Fe 239.563,Fe,239.563,26.05,3.42,
SP20A,119,K 404.721,K,404.721,35.68,16.4,
SP20A,119,K 766.491,K,766.491,168.5,22.65,
SP20A,119,Ti 334.941,Ti,334.941,543.56,16.57,
SP20A,119,Ti 336.122,Ti,336.122,348.82,23.11,
SP20A,119,Ti 336.122,Ti,336.122,348.82,23.11,
SP20B,120,Al 308.215,Al,308.215,218696.45,1854.43,
SP20B,120,Al 396.152,Al,396.152,1167869.52,19661.14,
SP20B,120,Be 313.042,Be,313.042,-1651.38,82.29,
SP20B,120,Be 313.107,Be,313.107,39.12,32.5,
SP20B,120,Ca 315.887,Ca,315.887,387.94,19.23,
SP20B,120,Ca 317.933,Ca,317.933,2323.56,17.38,
SP20B,120,Fe 238.204,Fe,238.204,201.15,9.61,
SP20B,120,Fe 239.563,Fe,239.563,35.92,0.9,
SP20B,120,K 404.721,K,404.721,43.96,29.23,
SP20B,120,K 766.491,K,766.491,662.17,99.98,
SP20B,120,Ti 334.941,Ti,334.941,567.31,23.76,
SP20B,120,Ti 336.122,Ti,336.122,356.81,7.29,
SP20B,120,Ti 336.122,Ti,336.122,356.81,7.29,
Blank,121,Al 308.215,Al,308.215,2365.11,20.74,0.00
Blank,121,Al 396.152,Al,396.152,451.91,8.3,0.00
Blank,121,Be 313.042,Be,313.042,-1659.03,27.79,0.00
Blank,121,Be 313.107,Be,313.107,14.75,6.84,0.00
Blank,121,Ca 315.887,Ca,315.887,119.81,10.87,0.00
Blank,121,Ca 317.933,Ca,317.933,983.13,7.35,0.00
Blank,121,Fe 238.204,Fe,238.204,60.31,2.16,0.00
Blank,121,Fe 239.563,Fe,239.563,17.38,2.52,0.00
Blank,121,K 404.721,K,404.721,36.29,9.17,0.00
Blank,121,K 766.491,K,766.491,175.75,23.47,0.00
Blank,121,Ti 334.941,Ti,334.941,563.45,23.99,0.00
Blank,121,Ti 336.122,Ti,336.122,371.64,12.33,0.00
Blank,121,Ti 336.122,Ti,336.122,371.64,12.33,0.00
Standard 1,122,Al 308.215,Al,308.215,13167.65,111.29,0.98
Standard 1,122,Al 396.152,Al,396.152,59099.42,674.37,0.98
Standard 1,122,Be 313.042,Be,313.042,2888105.39,25573.74,0.98
Standard 1,122,Be 313.107,Be,313.107,1419882.89,12023.54,0.98
Standard 1,122,Ca 315.887,Ca,315.887,9901.58,63.22,0.98
Standard 1,122,Ca 317.933,Ca,317.933,36010.38,118.66,0.98
Standard 1,122,Fe 238.204,Fe,238.204,48250.69,145.52,0.98
Standard 1,122,Fe 239.563,Fe,239.563,5794.73,26.85,0.98
Standard 1,122,K 404.721,K,404.721,17.07,3.61,0.99
Standard 1,122,K 766.491,K,766.491,66219.14,355.92,0.99
Standard 1,122,Ti 334.941,Ti,334.941,331966.09,1076.28,0.99
Standard 1,122,Ti 336.122,Ti,336.122,165724.9,565.34,0.99
Standard 1,122,Ti 336.122,Ti,336.122,165724.9,565.34,0.99
Standard 2,123,Al 308.215,Al,308.215,56764.7,346.17,4.96
Standard 2,123,Al 396.152,Al,396.152,300798.01,1964.69,4.96
Standard 2,123,Be 313.042,Be,313.042,13865744.39,105719.85,4.95
Standard 2,123,Be 313.107,Be,313.107,6996614.47,47918.07,4.95
Standard 2,123,Ca 315.887,Ca,315.887,49138.35,70.2,4.92
Standard 2,123,Ca 317.933,Ca,317.933,173218.05,246.04,4.92
Standard 2,123,Fe 238.204,Fe,238.204,233932.4,742.75,4.92
Standard 2,123,Fe 239.563,Fe,239.563,28254.77,12.22,4.92
Standard 2,123,K 404.721,K,404.721,70.63,26.15,4.98
Standard 2,123,K 766.491,K,766.491,426118.69,2211.7,4.98
Standard 2,123,Ti 334.941,Ti,334.941,1620062.38,4501.42,4.98
Standard 2,123,Ti 336.122,Ti,336.122,810178.44,1688.26,4.98
Standard 2,123,Ti 336.122,Ti,336.122,810178.44,1688.26,4.98
Standard 3,124,Al 308.215,Al,308.215,104819,675.15,9.39
Standard 3,124,Al 396.152,Al,396.152,569478.43,7909.22,9.39
Standard 3,124,Be 313.042,Be,313.042,24887874.91,566304.38,9.37
Standard 3,124,Be 313.107,Be,313.107,12894491.28,294689.98,9.37
Standard 3,124,Ca 315.887,Ca,315.887,90798.94,132.7,9.31
Standard 3,124,Ca 317.933,Ca,317.933,321154.72,122.79,9.31
Standard 3,124,Fe 238.204,Fe,238.204,431673.13,536.6,9.31
Standard 3,124,Fe 239.563,Fe,239.563,52136.62,80.47,9.31
Standard 3,124,K 404.721,K,404.721,196.7,9.51,9.42
Standard 3,124,K 766.491,K,766.491,871395.38,2286.22,9.42
Standard 3,124,Ti 334.941,Ti,334.941,2996453.09,16166.17,9.42
Standard 3,124,Ti 336.122,Ti,336.122,1501673.55,8578.77,9.42
Standard 3,124,Ti 336.122,Ti,336.122,1501673.55,8578.77,9.42
Standard 4,125,Al 308.215,Al,308.215,220339.34,1886.89,19.92
Standard 4,125,Al 396.152,Al,396.152,1220775.77,20406.11,19.92
Standard 4,125,Be 313.042,Be,313.042,NaN,NaN,19.87
Standard 4,125,Be 313.107,Be,313.107,NaN,NaN,19.87
Standard 4,125,Ca 315.887,Ca,315.887,185060.09,758.66,19.76
Standard 4,125,Ca 317.933,Ca,317.933,643270.12,4105.68,19.76
Standard 4,125,Fe 238.204,Fe,238.204,866577.46,4756.77,19.75
Standard 4,125,Fe 239.563,Fe,239.563,104482.06,404.03,19.75
Standard 4,125,K 404.721,K,404.721,534.53,29.68,19.98
Standard 4,125,K 766.491,K,766.491,NaN,NaN,19.98
Standard 4,125,Ti 334.941,Ti,334.941,6014287.91,13202.33,19.99
Standard 4,125,Ti 336.122,Ti,336.122,3045047.8,12376.4,19.99
Standard 4,125,Ti 336.122,Ti,336.122,3045047.8,12376.4,19.99
SP20C,126,Al 308.215,Al,308.215,223152.58,2040.31,
SP20C,126,Al 396.152,Al,396.152,1187442.39,8590.02,
SP20C,126,Be 313.042,Be,313.042,-1538.53,43.98,
SP20C,126,Be 313.107,Be,313.107,94.11,40.15,
SP20C,126,Ca 315.887,Ca,315.887,265.96,5.48,
SP20C,126,Ca 317.933,Ca,317.933,1803.11,19.69,
SP20C,126,Fe 238.204,Fe,238.204,172.89,13.01,
SP20C,126,Fe 239.563,Fe,239.563,26.58,2.54,
SP20C,126,K 404.721,K,404.721,31.86,8.79,
SP20C,126,K 766.491,K,766.491,223.92,46.34,
SP20C,126,Ti 334.941,Ti,334.941,671.19,23.39,
SP20C,126,Ti 336.122,Ti,336.122,406.13,13.82,
SP20C,126,Ti 336.122,Ti,336.122,406.13,13.82,
F10A,127,Al 308.215,Al,308.215,120221.51,337.69,
F10A,127,Al 396.152,Al,396.152,631058.7,3244.25,
F10A,127,Be 313.042,Be,313.042,370.83,41.14,
F10A,127,Be 313.107,Be,313.107,36.09,3.12,
F10A,127,Ca 315.887,Ca,315.887,313.09,14.61,
F10A,127,Ca 317.933,Ca,317.933,1911.36,6.64,
F10A,127,Fe 238.204,Fe,238.204,173.73,8.04,
F10A,127,Fe 239.563,Fe,239.563,28.91,6.66,
F10A,127,K 404.721,K,404.721,29.98,15.26,
F10A,127,K 766.491,K,766.491,207.31,13.41,
F10A,127,Ti 334.941,Ti,334.941,594.73,12.93,
F10A,127,Ti 336.122,Ti,336.122,374.33,4.86,
F10A,127,Ti 336.122,Ti,336.122,374.33,4.86,
F10B,128,Al 308.215,Al,308.215,119438.8,100.82,
F10B,128,Al 396.152,Al,396.152,625080.63,2704.22,
F10B,128,Be 313.042,Be,313.042,-1630.77,38.75,
F10B,128,Be 313.107,Be,313.107,40.27,23.52,
F10B,128,Ca 315.887,Ca,315.887,199.31,13.64,
F10B,128,Ca 317.933,Ca,317.933,1415.36,3.33,
F10B,128,Fe 238.204,Fe,238.204,243.62,16.4,
F10B,128,Fe 239.563,Fe,239.563,37.1,4.14,
F10B,128,K 404.721,K,404.721,18.64,11.23,
F10B,128,K 766.491,K,766.491,166.38,55.73,
F10B,128,Ti 334.941,Ti,334.941,566.47,13.65,
F10B,128,Ti 336.122,Ti,336.122,346.34,17.29,
F10B,128,Ti 336.122,Ti,336.122,346.34,17.29,
F10C,129,Al 308.215,Al,308.215,121604.39,357.63,
F10C,129,Al 396.152,Al,396.152,642173.1,5722.17,
F10C,129,Be 313.042,Be,313.042,-1171.86,36.42,
F10C,129,Be 313.107,Be,313.107,18.28,7.08,
F10C,129,Ca 315.887,Ca,315.887,219.88,3.93,
F10C,129,Ca 317.933,Ca,317.933,1516.52,24.02,
F10C,129,Fe 238.204,Fe,238.204,170.32,3.25,
F10C,129,Fe 239.563,Fe,239.563,29.89,8,
F10C,129,K 404.721,K,404.721,41.98,12.5,
F10C,129,K 766.491,K,766.491,1118.76,42.22,
F10C,129,Ti 334.941,Ti,334.941,586.93,8.13,
F10C,129,Ti 336.122,Ti,336.122,366.01,20.98,
F10C,129,Ti 336.122,Ti,336.122,366.01,20.98,
F20A,130,Al 308.215,Al,308.215,236681.41,1703.94,
F20A,130,Al 396.152,Al,396.152,1257439.27,12741.2,
F20A,130,Be 313.042,Be,313.042,-1184.73,12.9,
F20A,130,Be 313.107,Be,313.107,29.93,9.62,
F20A,130,Ca 315.887,Ca,315.887,197.19,1.28,
F20A,130,Ca 317.933,Ca,317.933,1441.37,21.87,
F20A,130,Fe 238.204,Fe,238.204,324.96,2.32,
F20A,130,Fe 239.563,Fe,239.563,49.19,3.45,
F20A,130,K 404.721,K,404.721,22.59,3.65,
F20A,130,K 766.491,K,766.491,257.19,82.22,
F20A,130,Ti 334.941,Ti,334.941,547.4,15.87,
F20A,130,Ti 336.122,Ti,336.122,345.15,19.35,
F20A,130,Ti 336.122,Ti,336.122,345.15,19.35,
F20B,131,Al 308.215,Al,308.215,294164.84,1296.12,
F20B,131,Al 396.152,Al,396.152,1568308,12827.06,
F20B,131,Be 313.042,Be,313.042,-1197.29,24.83,
F20B,131,Be 313.107,Be,313.107,-4.15,51.59,
F20B,131,Ca 315.887,Ca,315.887,187.82,16.1,
F20B,131,Ca 317.933,Ca,317.933,1400.15,11.83,
F20B,131,Fe 238.204,Fe,238.204,321.11,2.67,
F20B,131,Fe 239.563,Fe,239.563,44.69,4.67,
F20B,131,K 404.721,K,404.721,39.54,18.79,
F20B,131,K 766.491,K,766.491,304.28,27.55,
F20B,131,Ti 334.941,Ti,334.941,534.36,7.97,
F20B,131,Ti 336.122,Ti,336.122,344.61,8.15,
F20B,131,Ti 336.122,Ti,336.122,344.61,8.15,
F20C,132,Al 308.215,Al,308.215,243550.84,2046.4,
F20C,132,Al 396.152,Al,396.152,1293118.7,8749.38,
F20C,132,Be 313.042,Be,313.042,-2396.49,17.33,
F20C,132,Be 313.107,Be,313.107,25.22,12.71,
F20C,132,Ca 315.887,Ca,315.887,176.56,9.73,
F20C,132,Ca 317.933,Ca,317.933,1274.62,12.4,
F20C,132,Fe 238.204,Fe,238.204,264.85,12.19,
F20C,132,Fe 239.563,Fe,239.563,40.35,5.54,
F20C,132,K 404.721,K,404.721,25.69,15.43,
F20C,132,K 766.491,K,766.491,207.76,21.93,
F20C,132,Ti 334.941,Ti,334.941,536.69,1.73,
F20C,132,Ti 336.122,Ti,336.122,341.23,5.71,
F20C,132,Ti 336.122,Ti,336.122,341.23,5.71,
LAP1413,133,Al 308.215,Al,308.215,1601534.19,2965.07,
LAP1413,133,Al 396.152,Al,396.152,8719618.7,25444.11,
LAP1413,133,Be 313.042,Be,313.042,5153.9,127.06,
LAP1413,133,Be 313.107,Be,313.107,248.65,78.58,
LAP1413,133,Ca 315.887,Ca,315.887,1930955.66,24989.52,
LAP1413,133,Ca 317.933,Ca,317.933,6596093.2,86457.19,
LAP1413,133,Fe 238.204,Fe,238.204,11571417.74,118310.38,
LAP1413,133,Fe 239.563,Fe,239.563,2143834.09,5573.2,
LAP1413,133,K 404.721,K,404.721,1365.62,49.78,
LAP1413,133,K 766.491,K,766.491,1026375.9,2211.41,
LAP1413,133,Ti 334.941,Ti,334.941,NaN,NaN,
LAP1413,133,Ti 336.122,Ti,336.122,17722302.67,57245.34,
LAP1413,133,Ti 336.122,Ti,336.122,17722302.67,57245.34,
LAP1427,134,Al 308.215,Al,308.215,1089560.12,6255.99,
LAP1427,134,Al 396.152,Al,396.152,5964149.53,64262.02,
LAP1427,134,Be 313.042,Be,313.042,-3519.06,215.14,
LAP1427,134,Be 313.107,Be,313.107,4680.79,76.48,
LAP1427,134,Ca 315.887,Ca,315.887,801132.42,3223.8,
LAP1427,134,Ca 317.933,Ca,317.933,2799933.59,61109.08,
LAP1427,134,Fe 238.204,Fe,238.204,12917057.41,421166.92,
LAP1427,134,Fe 239.563,Fe,239.563,2356120.1,43681.93,
LAP1427,134,K 404.721,K,404.721,709.83,15.81,
LAP1427,134,K 766.491,K,766.491,381599.82,1340.99,
LAP1427,134,Ti 334.941,Ti,334.941,NaN,NaN,
LAP1427,134,Ti 336.122,Ti,336.122,18921154.05,158735.81,
LAP1427,134,Ti 336.122,Ti,336.122,18921154.05,158735.81,
LAP1416,135,Al 308.215,Al,308.215,11521936.34,39587.22,
LAP1416,135,Al 396.152,Al,396.152,NaN,NaN,
LAP1416,135,Be 313.042,Be,313.042,77081.59,575.03,
LAP1416,135,Be 313.107,Be,313.107,39490.15,233.42,
LAP1416,135,Ca 315.887,Ca,315.887,873881.75,5026.73,
LAP1416,135,Ca 317.933,Ca,317.933,3052611.49,29721.21,
LAP1416,135,Fe 238.204,Fe,238.204,11519427.87,320613.21,
LAP1416,135,Fe 239.563,Fe,239.563,1815346.21,32306.29,
LAP1416,135,K 404.721,K,404.721,9991.9,74.59,
LAP1416,135,K 766.491,K,766.491,19322162.66,111829.04,
LAP1416,135,Ti 334.941,Ti,334.941,NaN,NaN,
LAP1416,135,Ti 336.122,Ti,336.122,15538311.68,72897.67,
LAP1416,135,Ti 336.122,Ti,336.122,15538311.68,72897.67,
